2026-04-30 17:21:13 │ [92mINFO    [0m │ conftest │ authenticated_page:213 │ [96mAuthenticating as admin@dotc.com[0m
2026-04-30 17:21:13 │ [92mINFO    [0m │ base_page │ navigate_to:43 │ [96mNavigating to → https://admin-dotc.alianhub.com/[0m
2026-04-30 17:21:14 │ [92mINFO    [0m │ base_page │ navigate_to:46 │ [96mPage loaded — current URL: https://admin-dotc.alianhub.com/[0m
2026-04-30 17:21:14 │ [92mINFO    [0m │ login_page │ open_login_page:85 │ [96mLogin page loaded successfully[0m
2026-04-30 17:21:14 │ [92mINFO    [0m │ login_page │ login:106 │ [96mPerforming login with email: admin@dotc.com[0m
2026-04-30 17:21:15 │ [92mINFO    [0m │ base_page │ safe_clear_and_fill:97 │ [96mClearing & filling 'Email input'[0m
2026-04-30 17:21:15 │ [92mINFO    [0m │ base_page │ safe_clear_and_fill:97 │ [96mClearing & filling 'Password input'[0m
2026-04-30 17:21:15 │ [92mINFO    [0m │ base_page │ safe_click:84 │ [96mClicking → Continue button[0m
2026-04-30 17:21:15 │ [92mINFO    [0m │ login_page │ wait_for_dashboard:119 │ [96mWaiting for dashboard to load…[0m
2026-04-30 17:21:18 │ [92mINFO    [0m │ login_page │ wait_for_dashboard:130 │ [96mDashboard loaded — URL: https://admin-dotc.alianhub.com/dashboard[0m
2026-04-30 17:21:18 │ [92mINFO    [0m │ conftest │ authenticated_page:218 │ [96mAuthentication complete — page is ready[0m
2026-04-30 17:21:18 │ [92mINFO    [0m │ TC-UM-001 │ info:104 │ [96m[Step 01] Click User Management in sidebar[0m
2026-04-30 17:21:18 │ [92mINFO    [0m │ user_mgmt_page │ navigate_to_user_management:182 │ [96mNavigating to User Management section[0m
2026-04-30 17:21:18 │ [92mINFO    [0m │ base_page │ safe_click:84 │ [96mClicking → User Management sidebar link[0m
2026-04-30 17:21:26 │ DEBUG    │ user_mgmt_page │ _wait_for_table_loaded:692 │ Table is visible and loaded
2026-04-30 17:21:26 │ [92mINFO    [0m │ user_mgmt_page │ navigate_to_user_management:191 │ [96mUser Management page loaded successfully[0m
2026-04-30 17:21:26 │ [92mINFO    [0m │ TC-UM-001 │ info:104 │ [96m[Step 02] Validate URL contains 'user'[0m
2026-04-30 17:21:26 │ [92mINFO    [0m │ TC-UM-001 │ passed:107 │ [96m[Step 02] ✅ PASSED — Navigation successful — URL: https://admin-dotc.alianhub.com/users[0m
2026-04-30 17:21:32 │ [92mINFO    [0m │ conftest │ context:196 │ [96mVideo recorded → reports/videos\test_navigate_to_user_management_chromium_.webm[0m
2026-04-30 17:21:33 │ [92mINFO    [0m │ conftest │ authenticated_page:213 │ [96mAuthenticating as admin@dotc.com[0m
2026-04-30 17:21:33 │ [92mINFO    [0m │ base_page │ navigate_to:43 │ [96mNavigating to → https://admin-dotc.alianhub.com/[0m
2026-04-30 17:21:34 │ [92mINFO    [0m │ base_page │ navigate_to:46 │ [96mPage loaded — current URL: https://admin-dotc.alianhub.com/[0m
2026-04-30 17:21:34 │ [92mINFO    [0m │ login_page │ open_login_page:85 │ [96mLogin page loaded successfully[0m
2026-04-30 17:21:34 │ [92mINFO    [0m │ login_page │ login:106 │ [96mPerforming login with email: admin@dotc.com[0m
2026-04-30 17:21:34 │ [92mINFO    [0m │ base_page │ safe_clear_and_fill:97 │ [96mClearing & filling 'Email input'[0m
2026-04-30 17:21:34 │ [92mINFO    [0m │ base_page │ safe_clear_and_fill:97 │ [96mClearing & filling 'Password input'[0m
2026-04-30 17:21:35 │ [92mINFO    [0m │ base_page │ safe_click:84 │ [96mClicking → Continue button[0m
2026-04-30 17:21:35 │ [92mINFO    [0m │ login_page │ wait_for_dashboard:119 │ [96mWaiting for dashboard to load…[0m
2026-04-30 17:21:37 │ [92mINFO    [0m │ login_page │ wait_for_dashboard:130 │ [96mDashboard loaded — URL: https://admin-dotc.alianhub.com/dashboard[0m
2026-04-30 17:21:37 │ [92mINFO    [0m │ conftest │ authenticated_page:218 │ [96mAuthentication complete — page is ready[0m
2026-04-30 17:21:37 │ [92mINFO    [0m │ user_mgmt_page │ navigate_to_user_management:182 │ [96mNavigating to User Management section[0m
2026-04-30 17:21:37 │ [92mINFO    [0m │ base_page │ safe_click:84 │ [96mClicking → User Management sidebar link[0m
2026-04-30 17:21:38 │ DEBUG    │ user_mgmt_page │ _wait_for_table_loaded:692 │ Table is visible and loaded
2026-04-30 17:21:38 │ [92mINFO    [0m │ user_mgmt_page │ navigate_to_user_management:191 │ [96mUser Management page loaded successfully[0m
2026-04-30 17:21:38 │ [92mINFO    [0m │ TC-UM-002 │ info:104 │ [96m[Step 01] Check for page heading[0m
2026-04-30 17:21:38 │ [92mINFO    [0m │ TC-UM-002 │ passed:107 │ [96m[Step 01] ✅ PASSED — Page heading is displayed[0m
2026-04-30 17:21:40 │ [92mINFO    [0m │ conftest │ context:196 │ [96mVideo recorded → reports/videos\test_page_heading_visible_chromium_.webm[0m
2026-04-30 17:21:41 │ [92mINFO    [0m │ conftest │ authenticated_page:213 │ [96mAuthenticating as admin@dotc.com[0m
2026-04-30 17:21:41 │ [92mINFO    [0m │ base_page │ navigate_to:43 │ [96mNavigating to → https://admin-dotc.alianhub.com/[0m
2026-04-30 17:21:43 │ [92mINFO    [0m │ base_page │ navigate_to:46 │ [96mPage loaded — current URL: https://admin-dotc.alianhub.com/[0m
2026-04-30 17:21:43 │ [92mINFO    [0m │ login_page │ open_login_page:85 │ [96mLogin page loaded successfully[0m
2026-04-30 17:21:43 │ [92mINFO    [0m │ login_page │ login:106 │ [96mPerforming login with email: admin@dotc.com[0m
2026-04-30 17:21:43 │ [92mINFO    [0m │ base_page │ safe_clear_and_fill:97 │ [96mClearing & filling 'Email input'[0m
2026-04-30 17:21:43 │ [92mINFO    [0m │ base_page │ safe_clear_and_fill:97 │ [96mClearing & filling 'Password input'[0m
2026-04-30 17:21:43 │ [92mINFO    [0m │ base_page │ safe_click:84 │ [96mClicking → Continue button[0m
2026-04-30 17:21:44 │ [92mINFO    [0m │ login_page │ wait_for_dashboard:119 │ [96mWaiting for dashboard to load…[0m
2026-04-30 17:21:46 │ [92mINFO    [0m │ login_page │ wait_for_dashboard:130 │ [96mDashboard loaded — URL: https://admin-dotc.alianhub.com/dashboard[0m
2026-04-30 17:21:46 │ [92mINFO    [0m │ conftest │ authenticated_page:218 │ [96mAuthentication complete — page is ready[0m
2026-04-30 17:21:46 │ [92mINFO    [0m │ user_mgmt_page │ navigate_to_user_management:182 │ [96mNavigating to User Management section[0m
2026-04-30 17:21:46 │ [92mINFO    [0m │ base_page │ safe_click:84 │ [96mClicking → User Management sidebar link[0m
2026-04-30 17:21:50 │ DEBUG    │ user_mgmt_page │ _wait_for_table_loaded:692 │ Table is visible and loaded
2026-04-30 17:21:50 │ [92mINFO    [0m │ user_mgmt_page │ navigate_to_user_management:191 │ [96mUser Management page loaded successfully[0m
2026-04-30 17:21:50 │ [92mINFO    [0m │ TC-UM-003 │ info:104 │ [96m[Step 01] Check table visibility[0m
2026-04-30 17:21:50 │ [92mINFO    [0m │ TC-UM-003 │ passed:107 │ [96m[Step 01] ✅ PASSED — User table is visible[0m
2026-04-30 17:21:53 │ [92mINFO    [0m │ conftest │ context:196 │ [96mVideo recorded → reports/videos\test_table_is_visible_chromium_.webm[0m
2026-04-30 17:21:54 │ [92mINFO    [0m │ conftest │ authenticated_page:213 │ [96mAuthenticating as admin@dotc.com[0m
2026-04-30 17:21:54 │ [92mINFO    [0m │ base_page │ navigate_to:43 │ [96mNavigating to → https://admin-dotc.alianhub.com/[0m
2026-04-30 17:21:55 │ [92mINFO    [0m │ base_page │ navigate_to:46 │ [96mPage loaded — current URL: https://admin-dotc.alianhub.com/[0m
2026-04-30 17:21:55 │ [92mINFO    [0m │ login_page │ open_login_page:85 │ [96mLogin page loaded successfully[0m
2026-04-30 17:21:55 │ [92mINFO    [0m │ login_page │ login:106 │ [96mPerforming login with email: admin@dotc.com[0m
2026-04-30 17:21:55 │ [92mINFO    [0m │ base_page │ safe_clear_and_fill:97 │ [96mClearing & filling 'Email input'[0m
2026-04-30 17:21:55 │ [92mINFO    [0m │ base_page │ safe_clear_and_fill:97 │ [96mClearing & filling 'Password input'[0m
2026-04-30 17:21:56 │ [92mINFO    [0m │ base_page │ safe_click:84 │ [96mClicking → Continue button[0m
2026-04-30 17:21:56 │ [92mINFO    [0m │ login_page │ wait_for_dashboard:119 │ [96mWaiting for dashboard to load…[0m
2026-04-30 17:21:58 │ [92mINFO    [0m │ login_page │ wait_for_dashboard:130 │ [96mDashboard loaded — URL: https://admin-dotc.alianhub.com/dashboard[0m
2026-04-30 17:21:58 │ [92mINFO    [0m │ conftest │ authenticated_page:218 │ [96mAuthentication complete — page is ready[0m
2026-04-30 17:21:58 │ [92mINFO    [0m │ user_mgmt_page │ navigate_to_user_management:182 │ [96mNavigating to User Management section[0m
2026-04-30 17:21:58 │ [92mINFO    [0m │ base_page │ safe_click:84 │ [96mClicking → User Management sidebar link[0m
2026-04-30 17:21:59 │ DEBUG    │ user_mgmt_page │ _wait_for_table_loaded:692 │ Table is visible and loaded
2026-04-30 17:21:59 │ [92mINFO    [0m │ user_mgmt_page │ navigate_to_user_management:191 │ [96mUser Management page loaded successfully[0m
2026-04-30 17:21:59 │ [92mINFO    [0m │ TC-UM-004 │ info:104 │ [96m[Step 01] Retrieve column headers[0m
2026-04-30 17:22:03 │ DEBUG    │ user_mgmt_page │ _wait_for_table_loaded:692 │ Table is visible and loaded
2026-04-30 17:22:03 │ [92mINFO    [0m │ user_mgmt_page │ get_table_column_headers:214 │ [96mTable columns found: ['NAME', 'EMAIL', 'LOCATION', 'STATUS', 'DATING MODE', 'ACTIONS'][0m
2026-04-30 17:22:03 │ [92mINFO    [0m │ TC-UM-004 │ info:104 │ [96m[Step 02] Expected columns: ['Name', 'Email', 'Location', 'Status', 'Dating Mode', 'Actions'][0m
2026-04-30 17:22:03 │ [92mINFO    [0m │ TC-UM-004 │ info:104 │ [96m[Step 03] Actual columns:   ['NAME', 'EMAIL', 'LOCATION', 'STATUS', 'DATING MODE', 'ACTIONS'][0m
2026-04-30 17:22:03 │ DEBUG    │ user_mgmt_page │ _wait_for_table_loaded:692 │ Table is visible and loaded
2026-04-30 17:22:03 │ [92mINFO    [0m │ user_mgmt_page │ get_table_column_headers:214 │ [96mTable columns found: ['NAME', 'EMAIL', 'LOCATION', 'STATUS', 'DATING MODE', 'ACTIONS'][0m
2026-04-30 17:22:03 │ [92mINFO    [0m │ user_mgmt_page │ validate_table_columns:226 │ [96mAll expected columns present ✓[0m
2026-04-30 17:22:03 │ [92mINFO    [0m │ TC-UM-004 │ passed:107 │ [96m[Step 03] ✅ PASSED — All expected columns are present[0m
2026-04-30 17:22:07 │ [92mINFO    [0m │ conftest │ context:196 │ [96mVideo recorded → reports/videos\test_table_columns_chromium_.webm[0m
2026-04-30 17:22:07 │ [92mINFO    [0m │ conftest │ authenticated_page:213 │ [96mAuthenticating as admin@dotc.com[0m
2026-04-30 17:22:07 │ [92mINFO    [0m │ base_page │ navigate_to:43 │ [96mNavigating to → https://admin-dotc.alianhub.com/[0m
2026-04-30 17:22:08 │ [92mINFO    [0m │ base_page │ navigate_to:46 │ [96mPage loaded — current URL: https://admin-dotc.alianhub.com/[0m
2026-04-30 17:22:08 │ [92mINFO    [0m │ login_page │ open_login_page:85 │ [96mLogin page loaded successfully[0m
2026-04-30 17:22:08 │ [92mINFO    [0m │ login_page │ login:106 │ [96mPerforming login with email: admin@dotc.com[0m
2026-04-30 17:22:08 │ [92mINFO    [0m │ base_page │ safe_clear_and_fill:97 │ [96mClearing & filling 'Email input'[0m
2026-04-30 17:22:09 │ [92mINFO    [0m │ base_page │ safe_clear_and_fill:97 │ [96mClearing & filling 'Password input'[0m
2026-04-30 17:22:09 │ [92mINFO    [0m │ base_page │ safe_click:84 │ [96mClicking → Continue button[0m
2026-04-30 17:22:09 │ [92mINFO    [0m │ login_page │ wait_for_dashboard:119 │ [96mWaiting for dashboard to load…[0m
2026-04-30 17:22:12 │ [92mINFO    [0m │ login_page │ wait_for_dashboard:130 │ [96mDashboard loaded — URL: https://admin-dotc.alianhub.com/dashboard[0m
2026-04-30 17:22:12 │ [92mINFO    [0m │ conftest │ authenticated_page:218 │ [96mAuthentication complete — page is ready[0m
2026-04-30 17:22:12 │ [92mINFO    [0m │ user_mgmt_page │ navigate_to_user_management:182 │ [96mNavigating to User Management section[0m
2026-04-30 17:22:12 │ [92mINFO    [0m │ base_page │ safe_click:84 │ [96mClicking → User Management sidebar link[0m
2026-04-30 17:22:16 │ DEBUG    │ user_mgmt_page │ _wait_for_table_loaded:692 │ Table is visible and loaded
2026-04-30 17:22:16 │ [92mINFO    [0m │ user_mgmt_page │ navigate_to_user_management:191 │ [96mUser Management page loaded successfully[0m
2026-04-30 17:22:16 │ [92mINFO    [0m │ TC-UM-005 │ info:104 │ [96m[Step 01] Count table rows[0m
2026-04-30 17:22:16 │ DEBUG    │ user_mgmt_page │ _wait_for_table_loaded:692 │ Table is visible and loaded
2026-04-30 17:22:16 │ [92mINFO    [0m │ user_mgmt_page │ get_table_row_count:233 │ [96mVisible table rows: 10[0m
2026-04-30 17:22:16 │ [92mINFO    [0m │ TC-UM-005 │ passed:107 │ [96m[Step 01] ✅ PASSED — Table has 10 row(s)[0m
2026-04-30 17:22:21 │ [92mINFO    [0m │ conftest │ context:196 │ [96mVideo recorded → reports/videos\test_at_least_one_row_chromium_.webm[0m
2026-04-30 17:22:21 │ [92mINFO    [0m │ conftest │ authenticated_page:213 │ [96mAuthenticating as admin@dotc.com[0m
2026-04-30 17:22:21 │ [92mINFO    [0m │ base_page │ navigate_to:43 │ [96mNavigating to → https://admin-dotc.alianhub.com/[0m
2026-04-30 17:22:22 │ [92mINFO    [0m │ base_page │ navigate_to:46 │ [96mPage loaded — current URL: https://admin-dotc.alianhub.com/[0m
2026-04-30 17:22:22 │ [92mINFO    [0m │ login_page │ open_login_page:85 │ [96mLogin page loaded successfully[0m
2026-04-30 17:22:22 │ [92mINFO    [0m │ login_page │ login:106 │ [96mPerforming login with email: admin@dotc.com[0m
2026-04-30 17:22:22 │ [92mINFO    [0m │ base_page │ safe_clear_and_fill:97 │ [96mClearing & filling 'Email input'[0m
2026-04-30 17:22:23 │ [92mINFO    [0m │ base_page │ safe_clear_and_fill:97 │ [96mClearing & filling 'Password input'[0m
2026-04-30 17:22:23 │ [92mINFO    [0m │ base_page │ safe_click:84 │ [96mClicking → Continue button[0m
2026-04-30 17:22:23 │ [92mINFO    [0m │ login_page │ wait_for_dashboard:119 │ [96mWaiting for dashboard to load…[0m
2026-04-30 17:22:25 │ [92mINFO    [0m │ login_page │ wait_for_dashboard:130 │ [96mDashboard loaded — URL: https://admin-dotc.alianhub.com/dashboard[0m
2026-04-30 17:22:25 │ [92mINFO    [0m │ conftest │ authenticated_page:218 │ [96mAuthentication complete — page is ready[0m
2026-04-30 17:22:25 │ [92mINFO    [0m │ user_mgmt_page │ navigate_to_user_management:182 │ [96mNavigating to User Management section[0m
2026-04-30 17:22:25 │ [92mINFO    [0m │ base_page │ safe_click:84 │ [96mClicking → User Management sidebar link[0m
2026-04-30 17:22:26 │ DEBUG    │ user_mgmt_page │ _wait_for_table_loaded:692 │ Table is visible and loaded
2026-04-30 17:22:26 │ [92mINFO    [0m │ user_mgmt_page │ navigate_to_user_management:191 │ [96mUser Management page loaded successfully[0m
2026-04-30 17:22:30 │ DEBUG    │ user_mgmt_page │ _wait_for_table_loaded:692 │ Table is visible and loaded
2026-04-30 17:22:30 │ [92mINFO    [0m │ user_mgmt_page │ get_all_user_rows:255 │ [96mParsed 10 user rows[0m
2026-04-30 17:22:30 │ [92mINFO    [0m │ TC-UM-033 │ info:104 │ [96m[Step 01] Validating completeness across 10 visible rows[0m
2026-04-30 17:22:30 │ [92mINFO    [0m │ TC-UM-033 │ passed:107 │ [96m[Step 01] ✅ PASSED — All 10 rows have complete name, email, status, location[0m
2026-04-30 17:22:33 │ [92mINFO    [0m │ conftest │ context:196 │ [96mVideo recorded → reports/videos\test_table_data_completeness_chromium_.webm[0m
2026-04-30 17:22:34 │ [92mINFO    [0m │ conftest │ authenticated_page:213 │ [96mAuthenticating as admin@dotc.com[0m
2026-04-30 17:22:34 │ [92mINFO    [0m │ base_page │ navigate_to:43 │ [96mNavigating to → https://admin-dotc.alianhub.com/[0m
2026-04-30 17:22:35 │ [92mINFO    [0m │ base_page │ navigate_to:46 │ [96mPage loaded — current URL: https://admin-dotc.alianhub.com/[0m
2026-04-30 17:22:35 │ [92mINFO    [0m │ login_page │ open_login_page:85 │ [96mLogin page loaded successfully[0m
2026-04-30 17:22:35 │ [92mINFO    [0m │ login_page │ login:106 │ [96mPerforming login with email: admin@dotc.com[0m
2026-04-30 17:22:35 │ [92mINFO    [0m │ base_page │ safe_clear_and_fill:97 │ [96mClearing & filling 'Email input'[0m
2026-04-30 17:22:35 │ [92mINFO    [0m │ base_page │ safe_clear_and_fill:97 │ [96mClearing & filling 'Password input'[0m
2026-04-30 17:22:35 │ [92mINFO    [0m │ base_page │ safe_click:84 │ [96mClicking → Continue button[0m
2026-04-30 17:22:36 │ [92mINFO    [0m │ login_page │ wait_for_dashboard:119 │ [96mWaiting for dashboard to load…[0m
2026-04-30 17:22:38 │ [92mINFO    [0m │ login_page │ wait_for_dashboard:130 │ [96mDashboard loaded — URL: https://admin-dotc.alianhub.com/dashboard[0m
2026-04-30 17:22:38 │ [92mINFO    [0m │ conftest │ authenticated_page:218 │ [96mAuthentication complete — page is ready[0m
2026-04-30 17:22:38 │ [92mINFO    [0m │ user_mgmt_page │ navigate_to_user_management:182 │ [96mNavigating to User Management section[0m
2026-04-30 17:22:38 │ [92mINFO    [0m │ base_page │ safe_click:84 │ [96mClicking → User Management sidebar link[0m
2026-04-30 17:22:39 │ DEBUG    │ user_mgmt_page │ _wait_for_table_loaded:692 │ Table is visible and loaded
2026-04-30 17:22:39 │ [92mINFO    [0m │ user_mgmt_page │ navigate_to_user_management:191 │ [96mUser Management page loaded successfully[0m
2026-04-30 17:22:40 │ [92mINFO    [0m │ user_mgmt_page │ _get_combobox_options:751 │ [96mCombobox[0] options: ['All Status', 'Active', 'Suspended'][0m
2026-04-30 17:22:40 │ [92mINFO    [0m │ TC-UM-010 │ info:104 │ [96m[Step 01] Apply combined: status='Active', location=''[0m
2026-04-30 17:22:40 │ [92mINFO    [0m │ user_mgmt_page │ apply_combined_filters:304 │ [96mApplying combined filters — status='Active', location='', dating_mode=''[0m
2026-04-30 17:22:40 │ [92mINFO    [0m │ user_mgmt_page │ _select_combobox_option:765 │ [96mSelecting combobox[0] → 'Active'[0m
2026-04-30 17:22:44 │ DEBUG    │ user_mgmt_page │ _wait_for_table_loaded:692 │ Table is visible and loaded
2026-04-30 17:22:44 │ [92mINFO    [0m │ user_mgmt_page │ get_table_row_count:233 │ [96mVisible table rows: 10[0m
2026-04-30 17:22:44 │ DEBUG    │ user_mgmt_page │ _wait_for_table_loaded:692 │ Table is visible and loaded
2026-04-30 17:22:45 │ [92mINFO    [0m │ user_mgmt_page │ get_all_user_rows:255 │ [96mParsed 10 user rows[0m
2026-04-30 17:22:45 │ [92mINFO    [0m │ TC-UM-010 │ passed:107 │ [96m[Step 01] ✅ PASSED — Combined filter returned 10 verified row(s)[0m
2026-04-30 17:22:49 │ [92mINFO    [0m │ conftest │ context:196 │ [96mVideo recorded → reports/videos\test_combined_filters_chromium_.webm[0m
2026-04-30 17:22:49 │ [92mINFO    [0m │ conftest │ authenticated_page:213 │ [96mAuthenticating as admin@dotc.com[0m
2026-04-30 17:22:49 │ [92mINFO    [0m │ base_page │ navigate_to:43 │ [96mNavigating to → https://admin-dotc.alianhub.com/[0m
2026-04-30 17:22:50 │ [92mINFO    [0m │ base_page │ navigate_to:46 │ [96mPage loaded — current URL: https://admin-dotc.alianhub.com/[0m
2026-04-30 17:22:50 │ [92mINFO    [0m │ login_page │ open_login_page:85 │ [96mLogin page loaded successfully[0m
2026-04-30 17:22:50 │ [92mINFO    [0m │ login_page │ login:106 │ [96mPerforming login with email: admin@dotc.com[0m
2026-04-30 17:22:50 │ [92mINFO    [0m │ base_page │ safe_clear_and_fill:97 │ [96mClearing & filling 'Email input'[0m
2026-04-30 17:22:51 │ [92mINFO    [0m │ base_page │ safe_clear_and_fill:97 │ [96mClearing & filling 'Password input'[0m
2026-04-30 17:22:51 │ [92mINFO    [0m │ base_page │ safe_click:84 │ [96mClicking → Continue button[0m
2026-04-30 17:22:51 │ [92mINFO    [0m │ login_page │ wait_for_dashboard:119 │ [96mWaiting for dashboard to load…[0m
2026-04-30 17:22:53 │ [92mINFO    [0m │ login_page │ wait_for_dashboard:130 │ [96mDashboard loaded — URL: https://admin-dotc.alianhub.com/dashboard[0m
2026-04-30 17:22:53 │ [92mINFO    [0m │ conftest │ authenticated_page:218 │ [96mAuthentication complete — page is ready[0m
2026-04-30 17:22:53 │ [92mINFO    [0m │ user_mgmt_page │ navigate_to_user_management:182 │ [96mNavigating to User Management section[0m
2026-04-30 17:22:53 │ [92mINFO    [0m │ base_page │ safe_click:84 │ [96mClicking → User Management sidebar link[0m
2026-04-30 17:22:59 │ DEBUG    │ user_mgmt_page │ _wait_for_table_loaded:692 │ Table is visible and loaded
2026-04-30 17:22:59 │ [92mINFO    [0m │ user_mgmt_page │ navigate_to_user_management:191 │ [96mUser Management page loaded successfully[0m
2026-04-30 17:22:59 │ [92mINFO    [0m │ TC-UM-011 │ info:104 │ [96m[Step 01] Collect available filter options[0m
2026-04-30 17:23:00 │ [92mINFO    [0m │ user_mgmt_page │ _get_combobox_options:751 │ [96mCombobox[0] options: ['All Status', 'Active', 'Suspended'][0m
2026-04-30 17:23:01 │ [92mINFO    [0m │ user_mgmt_page │ _get_combobox_options:751 │ [96mCombobox[1] options: ['All Dating Modes', 'Dating Mode Active', 'Dating Mode Inactive'][0m
2026-04-30 17:23:01 │ [92mINFO    [0m │ TC-UM-011 │ info:104 │ [96m[Step 02] Apply extreme filters: status='Suspended', location='', mode='Dating Mode Inactive'[0m
2026-04-30 17:23:01 │ [92mINFO    [0m │ user_mgmt_page │ apply_combined_filters:304 │ [96mApplying combined filters — status='Suspended', location='', dating_mode='Dating Mode Inactive'[0m
2026-04-30 17:23:01 │ [92mINFO    [0m │ user_mgmt_page │ _select_combobox_option:765 │ [96mSelecting combobox[0] → 'Suspended'[0m
2026-04-30 17:23:02 │ [92mINFO    [0m │ user_mgmt_page │ _select_combobox_option:765 │ [96mSelecting combobox[1] → 'Dating Mode Inactive'[0m
2026-04-30 17:23:05 │ DEBUG    │ user_mgmt_page │ _wait_for_table_loaded:692 │ Table is visible and loaded
2026-04-30 17:23:05 │ [92mINFO    [0m │ user_mgmt_page │ get_table_row_count:233 │ [96mVisible table rows: 5[0m
2026-04-30 17:23:05 │ [92mINFO    [0m │ TC-UM-011 │ info:104 │ [96m[Step 03] Rows: 5, No-data shown: False[0m
2026-04-30 17:23:05 │ [92mINFO    [0m │ TC-UM-011 │ passed:107 │ [96m[Step 03] ✅ PASSED — Extreme filters matched 5 real user(s) — filter logic is working[0m
2026-04-30 17:23:11 │ [92mINFO    [0m │ conftest │ context:196 │ [96mVideo recorded → reports/videos\test_no_result_filter_chromium_.webm[0m
2026-04-30 17:23:11 │ [92mINFO    [0m │ conftest │ authenticated_page:213 │ [96mAuthenticating as admin@dotc.com[0m
2026-04-30 17:23:11 │ [92mINFO    [0m │ base_page │ navigate_to:43 │ [96mNavigating to → https://admin-dotc.alianhub.com/[0m
2026-04-30 17:23:12 │ [92mINFO    [0m │ base_page │ navigate_to:46 │ [96mPage loaded — current URL: https://admin-dotc.alianhub.com/[0m
2026-04-30 17:23:12 │ [92mINFO    [0m │ login_page │ open_login_page:85 │ [96mLogin page loaded successfully[0m
2026-04-30 17:23:12 │ [92mINFO    [0m │ login_page │ login:106 │ [96mPerforming login with email: admin@dotc.com[0m
2026-04-30 17:23:12 │ [92mINFO    [0m │ base_page │ safe_clear_and_fill:97 │ [96mClearing & filling 'Email input'[0m
2026-04-30 17:23:13 │ [92mINFO    [0m │ base_page │ safe_clear_and_fill:97 │ [96mClearing & filling 'Password input'[0m
2026-04-30 17:23:13 │ [92mINFO    [0m │ base_page │ safe_click:84 │ [96mClicking → Continue button[0m
2026-04-30 17:23:13 │ [92mINFO    [0m │ login_page │ wait_for_dashboard:119 │ [96mWaiting for dashboard to load…[0m
2026-04-30 17:23:15 │ [92mINFO    [0m │ login_page │ wait_for_dashboard:130 │ [96mDashboard loaded — URL: https://admin-dotc.alianhub.com/dashboard[0m
2026-04-30 17:23:15 │ [92mINFO    [0m │ conftest │ authenticated_page:218 │ [96mAuthentication complete — page is ready[0m
2026-04-30 17:23:15 │ [92mINFO    [0m │ user_mgmt_page │ navigate_to_user_management:182 │ [96mNavigating to User Management section[0m
2026-04-30 17:23:15 │ [92mINFO    [0m │ base_page │ safe_click:84 │ [96mClicking → User Management sidebar link[0m
2026-04-30 17:23:16 │ DEBUG    │ user_mgmt_page │ _wait_for_table_loaded:692 │ Table is visible and loaded
2026-04-30 17:23:16 │ [92mINFO    [0m │ user_mgmt_page │ navigate_to_user_management:191 │ [96mUser Management page loaded successfully[0m
2026-04-30 17:23:18 │ [92mINFO    [0m │ user_mgmt_page │ _get_combobox_options:751 │ [96mCombobox[0] options: ['All Status', 'Active', 'Suspended'][0m
2026-04-30 17:23:18 │ [92mINFO    [0m │ TC-UM-023 │ info:104 │ [96m[Step 01] Apply Status filter: 'Active'[0m
2026-04-30 17:23:18 │ [92mINFO    [0m │ user_mgmt_page │ apply_status_filter:272 │ [96mApplying Status filter: 'Active'[0m
2026-04-30 17:23:18 │ [92mINFO    [0m │ user_mgmt_page │ _select_combobox_option:765 │ [96mSelecting combobox[0] → 'Active'[0m
2026-04-30 17:23:22 │ DEBUG    │ user_mgmt_page │ _wait_for_table_loaded:692 │ Table is visible and loaded
2026-04-30 17:23:22 │ [92mINFO    [0m │ user_mgmt_page │ get_table_row_count:233 │ [96mVisible table rows: 10[0m
2026-04-30 17:23:22 │ DEBUG    │ user_mgmt_page │ _wait_for_table_loaded:692 │ Table is visible and loaded
2026-04-30 17:23:23 │ [92mINFO    [0m │ user_mgmt_page │ get_all_user_rows:255 │ [96mParsed 10 user rows[0m
2026-04-30 17:23:23 │ [92mINFO    [0m │ TC-UM-023 │ passed:107 │ [96m[Step 01] ✅ PASSED — Status='Active' filter returned 10 valid row(s)[0m
2026-04-30 17:23:27 │ [92mINFO    [0m │ conftest │ context:196 │ [96mVideo recorded → reports/videos\test_status_filter_active_chromium_.webm[0m
2026-04-30 17:23:27 │ [92mINFO    [0m │ conftest │ authenticated_page:213 │ [96mAuthenticating as admin@dotc.com[0m
2026-04-30 17:23:27 │ [92mINFO    [0m │ base_page │ navigate_to:43 │ [96mNavigating to → https://admin-dotc.alianhub.com/[0m
2026-04-30 17:23:28 │ [92mINFO    [0m │ base_page │ navigate_to:46 │ [96mPage loaded — current URL: https://admin-dotc.alianhub.com/[0m
2026-04-30 17:23:28 │ [92mINFO    [0m │ login_page │ open_login_page:85 │ [96mLogin page loaded successfully[0m
2026-04-30 17:23:28 │ [92mINFO    [0m │ login_page │ login:106 │ [96mPerforming login with email: admin@dotc.com[0m
2026-04-30 17:23:28 │ [92mINFO    [0m │ base_page │ safe_clear_and_fill:97 │ [96mClearing & filling 'Email input'[0m
2026-04-30 17:23:29 │ [92mINFO    [0m │ base_page │ safe_clear_and_fill:97 │ [96mClearing & filling 'Password input'[0m
2026-04-30 17:23:29 │ [92mINFO    [0m │ base_page │ safe_click:84 │ [96mClicking → Continue button[0m
2026-04-30 17:23:29 │ [92mINFO    [0m │ login_page │ wait_for_dashboard:119 │ [96mWaiting for dashboard to load…[0m
2026-04-30 17:23:32 │ [92mINFO    [0m │ login_page │ wait_for_dashboard:130 │ [96mDashboard loaded — URL: https://admin-dotc.alianhub.com/dashboard[0m
2026-04-30 17:23:32 │ [92mINFO    [0m │ conftest │ authenticated_page:218 │ [96mAuthentication complete — page is ready[0m
2026-04-30 17:23:32 │ [92mINFO    [0m │ user_mgmt_page │ navigate_to_user_management:182 │ [96mNavigating to User Management section[0m
2026-04-30 17:23:32 │ [92mINFO    [0m │ base_page │ safe_click:84 │ [96mClicking → User Management sidebar link[0m
2026-04-30 17:23:37 │ DEBUG    │ user_mgmt_page │ _wait_for_table_loaded:692 │ Table is visible and loaded
2026-04-30 17:23:37 │ [92mINFO    [0m │ user_mgmt_page │ navigate_to_user_management:191 │ [96mUser Management page loaded successfully[0m
2026-04-30 17:23:38 │ [92mINFO    [0m │ user_mgmt_page │ _get_combobox_options:751 │ [96mCombobox[0] options: ['All Status', 'Active', 'Suspended'][0m
2026-04-30 17:23:38 │ [92mINFO    [0m │ TC-UM-025 │ info:104 │ [96m[Step 01] Apply Status filter: 'Suspended'[0m
2026-04-30 17:23:38 │ [92mINFO    [0m │ user_mgmt_page │ apply_status_filter:272 │ [96mApplying Status filter: 'Suspended'[0m
2026-04-30 17:23:38 │ [92mINFO    [0m │ user_mgmt_page │ _select_combobox_option:765 │ [96mSelecting combobox[0] → 'Suspended'[0m
2026-04-30 17:23:41 │ DEBUG    │ user_mgmt_page │ _wait_for_table_loaded:692 │ Table is visible and loaded
2026-04-30 17:23:41 │ [92mINFO    [0m │ user_mgmt_page │ get_table_row_count:233 │ [96mVisible table rows: 5[0m
2026-04-30 17:23:41 │ DEBUG    │ user_mgmt_page │ _wait_for_table_loaded:692 │ Table is visible and loaded
2026-04-30 17:23:42 │ [92mINFO    [0m │ user_mgmt_page │ get_all_user_rows:255 │ [96mParsed 5 user rows[0m
2026-04-30 17:23:42 │ [92mINFO    [0m │ TC-UM-025 │ passed:107 │ [96m[Step 01] ✅ PASSED — Status='Suspended' filter returned 5 valid row(s)[0m
2026-04-30 17:23:49 │ [92mINFO    [0m │ conftest │ context:196 │ [96mVideo recorded → reports/videos\test_status_filter_suspended_chromium_.webm[0m
2026-04-30 17:23:49 │ [92mINFO    [0m │ conftest │ authenticated_page:213 │ [96mAuthenticating as admin@dotc.com[0m
2026-04-30 17:23:49 │ [92mINFO    [0m │ base_page │ navigate_to:43 │ [96mNavigating to → https://admin-dotc.alianhub.com/[0m
2026-04-30 17:23:50 │ [92mINFO    [0m │ base_page │ navigate_to:46 │ [96mPage loaded — current URL: https://admin-dotc.alianhub.com/[0m
2026-04-30 17:23:50 │ [92mINFO    [0m │ login_page │ open_login_page:85 │ [96mLogin page loaded successfully[0m
2026-04-30 17:23:50 │ [92mINFO    [0m │ login_page │ login:106 │ [96mPerforming login with email: admin@dotc.com[0m
2026-04-30 17:23:50 │ [92mINFO    [0m │ base_page │ safe_clear_and_fill:97 │ [96mClearing & filling 'Email input'[0m
2026-04-30 17:23:51 │ [92mINFO    [0m │ base_page │ safe_clear_and_fill:97 │ [96mClearing & filling 'Password input'[0m
2026-04-30 17:23:51 │ [92mINFO    [0m │ base_page │ safe_click:84 │ [96mClicking → Continue button[0m
2026-04-30 17:23:51 │ [92mINFO    [0m │ login_page │ wait_for_dashboard:119 │ [96mWaiting for dashboard to load…[0m
2026-04-30 17:23:54 │ [92mINFO    [0m │ login_page │ wait_for_dashboard:130 │ [96mDashboard loaded — URL: https://admin-dotc.alianhub.com/dashboard[0m
2026-04-30 17:23:54 │ [92mINFO    [0m │ conftest │ authenticated_page:218 │ [96mAuthentication complete — page is ready[0m
2026-04-30 17:23:54 │ [92mINFO    [0m │ user_mgmt_page │ navigate_to_user_management:182 │ [96mNavigating to User Management section[0m
2026-04-30 17:23:54 │ [92mINFO    [0m │ base_page │ safe_click:84 │ [96mClicking → User Management sidebar link[0m
2026-04-30 17:23:54 │ DEBUG    │ user_mgmt_page │ _wait_for_table_loaded:692 │ Table is visible and loaded
2026-04-30 17:23:54 │ [92mINFO    [0m │ user_mgmt_page │ navigate_to_user_management:191 │ [96mUser Management page loaded successfully[0m
2026-04-30 17:23:57 │ [92mINFO    [0m │ conftest │ context:196 │ [96mVideo recorded → reports/videos\test_location_filter_all_options_chromium_.webm[0m
2026-04-30 17:23:58 │ [92mINFO    [0m │ conftest │ authenticated_page:213 │ [96mAuthenticating as admin@dotc.com[0m
2026-04-30 17:23:58 │ [92mINFO    [0m │ base_page │ navigate_to:43 │ [96mNavigating to → https://admin-dotc.alianhub.com/[0m
2026-04-30 17:23:58 │ [92mINFO    [0m │ base_page │ navigate_to:46 │ [96mPage loaded — current URL: https://admin-dotc.alianhub.com/[0m
2026-04-30 17:23:59 │ [92mINFO    [0m │ login_page │ open_login_page:85 │ [96mLogin page loaded successfully[0m
2026-04-30 17:23:59 │ [92mINFO    [0m │ login_page │ login:106 │ [96mPerforming login with email: admin@dotc.com[0m
2026-04-30 17:23:59 │ [92mINFO    [0m │ base_page │ safe_clear_and_fill:97 │ [96mClearing & filling 'Email input'[0m
2026-04-30 17:23:59 │ [92mINFO    [0m │ base_page │ safe_clear_and_fill:97 │ [96mClearing & filling 'Password input'[0m
2026-04-30 17:23:59 │ [92mINFO    [0m │ base_page │ safe_click:84 │ [96mClicking → Continue button[0m
2026-04-30 17:23:59 │ [92mINFO    [0m │ login_page │ wait_for_dashboard:119 │ [96mWaiting for dashboard to load…[0m
2026-04-30 17:24:02 │ [92mINFO    [0m │ login_page │ wait_for_dashboard:130 │ [96mDashboard loaded — URL: https://admin-dotc.alianhub.com/dashboard[0m
2026-04-30 17:24:02 │ [92mINFO    [0m │ conftest │ authenticated_page:218 │ [96mAuthentication complete — page is ready[0m
2026-04-30 17:24:02 │ [92mINFO    [0m │ user_mgmt_page │ navigate_to_user_management:182 │ [96mNavigating to User Management section[0m
2026-04-30 17:24:02 │ [92mINFO    [0m │ base_page │ safe_click:84 │ [96mClicking → User Management sidebar link[0m
2026-04-30 17:24:07 │ DEBUG    │ user_mgmt_page │ _wait_for_table_loaded:692 │ Table is visible and loaded
2026-04-30 17:24:07 │ [92mINFO    [0m │ user_mgmt_page │ navigate_to_user_management:191 │ [96mUser Management page loaded successfully[0m
2026-04-30 17:24:07 │ [92mINFO    [0m │ user_mgmt_page │ _get_combobox_options:751 │ [96mCombobox[1] options: ['All Dating Modes', 'Dating Mode Active', 'Dating Mode Inactive'][0m
2026-04-30 17:24:07 │ [92mINFO    [0m │ TC-UM-027 │ info:104 │ [96m[Step 01] Testing 3 dating mode option(s): ['All Dating Modes', 'Dating Mode Active', 'Dating Mode Inactive'][0m
2026-04-30 17:24:07 │ [92mINFO    [0m │ TC-UM-027 │ info:104 │ [96m[Step 02] Apply Dating Mode filter: 'All Dating Modes'[0m
2026-04-30 17:24:07 │ [92mINFO    [0m │ user_mgmt_page │ apply_dating_mode_filter:292 │ [96mApplying Dating Mode filter: 'All Dating Modes'[0m
2026-04-30 17:24:07 │ [92mINFO    [0m │ user_mgmt_page │ _select_combobox_option:765 │ [96mSelecting combobox[1] → 'All Dating Modes'[0m
2026-04-30 17:24:10 │ DEBUG    │ user_mgmt_page │ _wait_for_table_loaded:692 │ Table is visible and loaded
2026-04-30 17:24:10 │ [92mINFO    [0m │ user_mgmt_page │ get_table_row_count:233 │ [96mVisible table rows: 10[0m
2026-04-30 17:24:10 │ [92mINFO    [0m │ TC-UM-027 │ info:104 │ [96m[Step 03] Dating Mode='All Dating Modes' → 10 row(s), no-data=False[0m
2026-04-30 17:24:10 │ [92mINFO    [0m │ user_mgmt_page │ reset_filters:319 │ [96mResetting all filters[0m
2026-04-30 17:24:11 │ [92mINFO    [0m │ user_mgmt_page │ _get_combobox_options:751 │ [96mCombobox[0] options: ['All Status', 'Active', 'Suspended'][0m
2026-04-30 17:24:11 │ [92mINFO    [0m │ user_mgmt_page │ _select_combobox_option:765 │ [96mSelecting combobox[0] → 'All Status'[0m
2026-04-30 17:24:12 │ [92mINFO    [0m │ user_mgmt_page │ _get_combobox_options:751 │ [96mCombobox[1] options: ['All Dating Modes', 'Dating Mode Active', 'Dating Mode Inactive'][0m
2026-04-30 17:24:12 │ [92mINFO    [0m │ user_mgmt_page │ _select_combobox_option:765 │ [96mSelecting combobox[1] → 'All Dating Modes'[0m
2026-04-30 17:24:15 │ [92mINFO    [0m │ TC-UM-027 │ info:104 │ [96m[Step 04] Apply Dating Mode filter: 'Dating Mode Active'[0m
2026-04-30 17:24:15 │ [92mINFO    [0m │ user_mgmt_page │ apply_dating_mode_filter:292 │ [96mApplying Dating Mode filter: 'Dating Mode Active'[0m
2026-04-30 17:24:15 │ [92mINFO    [0m │ user_mgmt_page │ _select_combobox_option:765 │ [96mSelecting combobox[1] → 'Dating Mode Active'[0m
2026-04-30 17:24:18 │ DEBUG    │ user_mgmt_page │ _wait_for_table_loaded:692 │ Table is visible and loaded
2026-04-30 17:24:18 │ [92mINFO    [0m │ user_mgmt_page │ get_table_row_count:233 │ [96mVisible table rows: 1[0m
2026-04-30 17:24:18 │ [92mINFO    [0m │ TC-UM-027 │ info:104 │ [96m[Step 05] Dating Mode='Dating Mode Active' → 1 row(s), no-data=True[0m
2026-04-30 17:24:18 │ [92mINFO    [0m │ user_mgmt_page │ reset_filters:319 │ [96mResetting all filters[0m
2026-04-30 17:24:19 │ [92mINFO    [0m │ user_mgmt_page │ _get_combobox_options:751 │ [96mCombobox[0] options: ['All Status', 'Active', 'Suspended'][0m
2026-04-30 17:24:19 │ [92mINFO    [0m │ user_mgmt_page │ _select_combobox_option:765 │ [96mSelecting combobox[0] → 'All Status'[0m
2026-04-30 17:24:20 │ [92mINFO    [0m │ user_mgmt_page │ _get_combobox_options:751 │ [96mCombobox[1] options: ['All Dating Modes', 'Dating Mode Active', 'Dating Mode Inactive'][0m
2026-04-30 17:24:20 │ [92mINFO    [0m │ user_mgmt_page │ _select_combobox_option:765 │ [96mSelecting combobox[1] → 'All Dating Modes'[0m
2026-04-30 17:24:23 │ [92mINFO    [0m │ TC-UM-027 │ info:104 │ [96m[Step 06] Apply Dating Mode filter: 'Dating Mode Inactive'[0m
2026-04-30 17:24:23 │ [92mINFO    [0m │ user_mgmt_page │ apply_dating_mode_filter:292 │ [96mApplying Dating Mode filter: 'Dating Mode Inactive'[0m
2026-04-30 17:24:23 │ [92mINFO    [0m │ user_mgmt_page │ _select_combobox_option:765 │ [96mSelecting combobox[1] → 'Dating Mode Inactive'[0m
2026-04-30 17:24:26 │ DEBUG    │ user_mgmt_page │ _wait_for_table_loaded:692 │ Table is visible and loaded
2026-04-30 17:24:26 │ [92mINFO    [0m │ user_mgmt_page │ get_table_row_count:233 │ [96mVisible table rows: 10[0m
2026-04-30 17:24:26 │ [92mINFO    [0m │ TC-UM-027 │ info:104 │ [96m[Step 07] Dating Mode='Dating Mode Inactive' → 10 row(s), no-data=False[0m
2026-04-30 17:24:26 │ [92mINFO    [0m │ user_mgmt_page │ reset_filters:319 │ [96mResetting all filters[0m
2026-04-30 17:24:26 │ [92mINFO    [0m │ user_mgmt_page │ _get_combobox_options:751 │ [96mCombobox[0] options: ['All Status', 'Active', 'Suspended'][0m
2026-04-30 17:24:26 │ [92mINFO    [0m │ user_mgmt_page │ _select_combobox_option:765 │ [96mSelecting combobox[0] → 'All Status'[0m
2026-04-30 17:24:28 │ [92mINFO    [0m │ user_mgmt_page │ _get_combobox_options:751 │ [96mCombobox[1] options: ['All Dating Modes', 'Dating Mode Active', 'Dating Mode Inactive'][0m
2026-04-30 17:24:28 │ [92mINFO    [0m │ user_mgmt_page │ _select_combobox_option:765 │ [96mSelecting combobox[1] → 'All Dating Modes'[0m
2026-04-30 17:24:31 │ [92mINFO    [0m │ TC-UM-027 │ passed:107 │ [96m[Step 07] ✅ PASSED — All 3 dating mode option(s) verified successfully[0m
2026-04-30 17:24:32 │ [92mINFO    [0m │ conftest │ context:196 │ [96mVideo recorded → reports/videos\test_dating_mode_filter_all_options_chromium_.webm[0m
2026-04-30 17:24:32 │ [92mINFO    [0m │ conftest │ authenticated_page:213 │ [96mAuthenticating as admin@dotc.com[0m
2026-04-30 17:24:32 │ [92mINFO    [0m │ base_page │ navigate_to:43 │ [96mNavigating to → https://admin-dotc.alianhub.com/[0m
2026-04-30 17:24:33 │ [92mINFO    [0m │ base_page │ navigate_to:46 │ [96mPage loaded — current URL: https://admin-dotc.alianhub.com/[0m
2026-04-30 17:24:34 │ [92mINFO    [0m │ login_page │ open_login_page:85 │ [96mLogin page loaded successfully[0m
2026-04-30 17:24:34 │ [92mINFO    [0m │ login_page │ login:106 │ [96mPerforming login with email: admin@dotc.com[0m
2026-04-30 17:24:34 │ [92mINFO    [0m │ base_page │ safe_clear_and_fill:97 │ [96mClearing & filling 'Email input'[0m
2026-04-30 17:24:34 │ [92mINFO    [0m │ base_page │ safe_clear_and_fill:97 │ [96mClearing & filling 'Password input'[0m
2026-04-30 17:24:34 │ [92mINFO    [0m │ base_page │ safe_click:84 │ [96mClicking → Continue button[0m
2026-04-30 17:24:34 │ [92mINFO    [0m │ login_page │ wait_for_dashboard:119 │ [96mWaiting for dashboard to load…[0m
2026-04-30 17:24:38 │ [92mINFO    [0m │ login_page │ wait_for_dashboard:130 │ [96mDashboard loaded — URL: https://admin-dotc.alianhub.com/dashboard[0m
2026-04-30 17:24:38 │ [92mINFO    [0m │ conftest │ authenticated_page:218 │ [96mAuthentication complete — page is ready[0m
2026-04-30 17:24:38 │ [92mINFO    [0m │ user_mgmt_page │ navigate_to_user_management:182 │ [96mNavigating to User Management section[0m
2026-04-30 17:24:38 │ [92mINFO    [0m │ base_page │ safe_click:84 │ [96mClicking → User Management sidebar link[0m
2026-04-30 17:24:38 │ DEBUG    │ user_mgmt_page │ _wait_for_table_loaded:692 │ Table is visible and loaded
2026-04-30 17:24:38 │ [92mINFO    [0m │ user_mgmt_page │ navigate_to_user_management:191 │ [96mUser Management page loaded successfully[0m
2026-04-30 17:24:39 │ [92mINFO    [0m │ TC-UM-028 │ info:104 │ [96m[Step 01] Record initial row count before applying filters[0m
2026-04-30 17:24:44 │ DEBUG    │ user_mgmt_page │ _wait_for_table_loaded:692 │ Table is visible and loaded
2026-04-30 17:24:45 │ [92mINFO    [0m │ user_mgmt_page │ get_table_row_count:233 │ [96mVisible table rows: 10[0m
2026-04-30 17:24:45 │ [92mINFO    [0m │ user_mgmt_page │ _get_combobox_options:751 │ [96mCombobox[0] options: ['All Status', 'Active', 'Suspended'][0m
2026-04-30 17:24:46 │ [92mINFO    [0m │ user_mgmt_page │ _get_combobox_options:751 │ [96mCombobox[1] options: ['All Dating Modes', 'Dating Mode Active', 'Dating Mode Inactive'][0m
2026-04-30 17:24:46 │ [92mINFO    [0m │ TC-UM-028 │ info:104 │ [96m[Step 02] Apply filters — status='Active', location='', mode='Dating Mode Active'[0m
2026-04-30 17:24:46 │ [92mINFO    [0m │ user_mgmt_page │ apply_combined_filters:304 │ [96mApplying combined filters — status='Active', location='', dating_mode='Dating Mode Active'[0m
2026-04-30 17:24:46 │ [92mINFO    [0m │ user_mgmt_page │ _select_combobox_option:765 │ [96mSelecting combobox[0] → 'Active'[0m
2026-04-30 17:24:47 │ [92mINFO    [0m │ user_mgmt_page │ _select_combobox_option:765 │ [96mSelecting combobox[1] → 'Dating Mode Active'[0m
2026-04-30 17:24:50 │ DEBUG    │ user_mgmt_page │ _wait_for_table_loaded:692 │ Table is visible and loaded
2026-04-30 17:24:50 │ [92mINFO    [0m │ user_mgmt_page │ get_table_row_count:233 │ [96mVisible table rows: 1[0m
2026-04-30 17:24:50 │ [92mINFO    [0m │ TC-UM-028 │ info:104 │ [96m[Step 03] Row count after filters: 1[0m
2026-04-30 17:24:50 │ [92mINFO    [0m │ TC-UM-028 │ info:104 │ [96m[Step 04] Click Clear All button[0m
2026-04-30 17:24:50 │ [92mINFO    [0m │ user_mgmt_page │ reset_filters:319 │ [96mResetting all filters[0m
2026-04-30 17:24:50 │ [92mINFO    [0m │ user_mgmt_page │ _get_combobox_options:751 │ [96mCombobox[0] options: ['All Status', 'Active', 'Suspended'][0m
2026-04-30 17:24:50 │ [92mINFO    [0m │ user_mgmt_page │ _select_combobox_option:765 │ [96mSelecting combobox[0] → 'All Status'[0m
2026-04-30 17:24:52 │ [92mINFO    [0m │ user_mgmt_page │ _get_combobox_options:751 │ [96mCombobox[1] options: ['All Dating Modes', 'Dating Mode Active', 'Dating Mode Inactive'][0m
2026-04-30 17:24:52 │ [92mINFO    [0m │ user_mgmt_page │ _select_combobox_option:765 │ [96mSelecting combobox[1] → 'All Dating Modes'[0m
2026-04-30 17:24:54 │ DEBUG    │ user_mgmt_page │ _wait_for_table_loaded:692 │ Table is visible and loaded
2026-04-30 17:24:55 │ [92mINFO    [0m │ user_mgmt_page │ get_table_row_count:233 │ [96mVisible table rows: 10[0m
2026-04-30 17:24:55 │ [92mINFO    [0m │ TC-UM-028 │ passed:107 │ [96m[Step 04] ✅ PASSED — Clear All restored full list — row count: 10[0m
2026-04-30 17:25:01 │ [92mINFO    [0m │ conftest │ context:196 │ [96mVideo recorded → reports/videos\test_clear_all_button_chromium_.webm[0m
2026-04-30 17:25:02 │ [92mINFO    [0m │ conftest │ authenticated_page:213 │ [96mAuthenticating as admin@dotc.com[0m
2026-04-30 17:25:02 │ [92mINFO    [0m │ base_page │ navigate_to:43 │ [96mNavigating to → https://admin-dotc.alianhub.com/[0m
2026-04-30 17:25:03 │ [92mINFO    [0m │ base_page │ navigate_to:46 │ [96mPage loaded — current URL: https://admin-dotc.alianhub.com/[0m
2026-04-30 17:25:03 │ [92mINFO    [0m │ login_page │ open_login_page:85 │ [96mLogin page loaded successfully[0m
2026-04-30 17:25:03 │ [92mINFO    [0m │ login_page │ login:106 │ [96mPerforming login with email: admin@dotc.com[0m
2026-04-30 17:25:03 │ [92mINFO    [0m │ base_page │ safe_clear_and_fill:97 │ [96mClearing & filling 'Email input'[0m
2026-04-30 17:25:03 │ [92mINFO    [0m │ base_page │ safe_clear_and_fill:97 │ [96mClearing & filling 'Password input'[0m
2026-04-30 17:25:03 │ [92mINFO    [0m │ base_page │ safe_click:84 │ [96mClicking → Continue button[0m
2026-04-30 17:25:03 │ [92mINFO    [0m │ login_page │ wait_for_dashboard:119 │ [96mWaiting for dashboard to load…[0m
2026-04-30 17:25:06 │ [92mINFO    [0m │ login_page │ wait_for_dashboard:130 │ [96mDashboard loaded — URL: https://admin-dotc.alianhub.com/dashboard[0m
2026-04-30 17:25:06 │ [92mINFO    [0m │ conftest │ authenticated_page:218 │ [96mAuthentication complete — page is ready[0m
2026-04-30 17:25:06 │ [92mINFO    [0m │ user_mgmt_page │ navigate_to_user_management:182 │ [96mNavigating to User Management section[0m
2026-04-30 17:25:06 │ [92mINFO    [0m │ base_page │ safe_click:84 │ [96mClicking → User Management sidebar link[0m
2026-04-30 17:25:07 │ DEBUG    │ user_mgmt_page │ _wait_for_table_loaded:692 │ Table is visible and loaded
2026-04-30 17:25:07 │ [92mINFO    [0m │ user_mgmt_page │ navigate_to_user_management:191 │ [96mUser Management page loaded successfully[0m
2026-04-30 17:25:07 │ [92mINFO    [0m │ TC-UM-029 │ info:104 │ [96m[Step 01] Record initial (unfiltered) row count[0m
2026-04-30 17:25:11 │ DEBUG    │ user_mgmt_page │ _wait_for_table_loaded:692 │ Table is visible and loaded
2026-04-30 17:25:11 │ [92mINFO    [0m │ user_mgmt_page │ get_table_row_count:233 │ [96mVisible table rows: 10[0m
2026-04-30 17:25:11 │ [92mINFO    [0m │ TC-UM-029 │ info:104 │ [96m[Step 02] Apply a non-All status filter first to change the view[0m
2026-04-30 17:25:11 │ [92mINFO    [0m │ user_mgmt_page │ _get_combobox_options:751 │ [96mCombobox[0] options: ['All Status', 'Active', 'Suspended'][0m
2026-04-30 17:25:11 │ [92mINFO    [0m │ user_mgmt_page │ apply_status_filter:272 │ [96mApplying Status filter: 'Active'[0m
2026-04-30 17:25:11 │ [92mINFO    [0m │ user_mgmt_page │ _select_combobox_option:765 │ [96mSelecting combobox[0] → 'Active'[0m
2026-04-30 17:25:14 │ DEBUG    │ user_mgmt_page │ _wait_for_table_loaded:692 │ Table is visible and loaded
2026-04-30 17:25:14 │ [92mINFO    [0m │ user_mgmt_page │ get_table_row_count:233 │ [96mVisible table rows: 10[0m
2026-04-30 17:25:14 │ [92mINFO    [0m │ TC-UM-029 │ info:104 │ [96m[Step 03] Applied 'Active' filter — rows now: 10[0m
2026-04-30 17:25:14 │ [92mINFO    [0m │ TC-UM-029 │ info:104 │ [96m[Step 04] Select 'All' from Status filter (or reset if 'All' not present)[0m
2026-04-30 17:25:14 │ [92mINFO    [0m │ user_mgmt_page │ reset_filters:319 │ [96mResetting all filters[0m
2026-04-30 17:25:15 │ [92mINFO    [0m │ user_mgmt_page │ _get_combobox_options:751 │ [96mCombobox[0] options: ['All Status', 'Active', 'Suspended'][0m
2026-04-30 17:25:15 │ [92mINFO    [0m │ user_mgmt_page │ _select_combobox_option:765 │ [96mSelecting combobox[0] → 'All Status'[0m
2026-04-30 17:25:16 │ [92mINFO    [0m │ user_mgmt_page │ _get_combobox_options:751 │ [96mCombobox[1] options: ['All Dating Modes', 'Dating Mode Active', 'Dating Mode Inactive'][0m
2026-04-30 17:25:16 │ [92mINFO    [0m │ user_mgmt_page │ _select_combobox_option:765 │ [96mSelecting combobox[1] → 'All Dating Modes'[0m
2026-04-30 17:25:19 │ DEBUG    │ user_mgmt_page │ _wait_for_table_loaded:692 │ Table is visible and loaded
2026-04-30 17:25:19 │ [92mINFO    [0m │ user_mgmt_page │ get_table_row_count:233 │ [96mVisible table rows: 10[0m
2026-04-30 17:25:19 │ [92mINFO    [0m │ TC-UM-029 │ passed:107 │ [96m[Step 04] ✅ PASSED — Status 'All' restored full list — 10 rows[0m
2026-04-30 17:25:24 │ [92mINFO    [0m │ conftest │ context:196 │ [96mVideo recorded → reports/videos\test_status_filter_all_chromium_.webm[0m
2026-04-30 17:25:25 │ [92mINFO    [0m │ conftest │ authenticated_page:213 │ [96mAuthenticating as admin@dotc.com[0m
2026-04-30 17:25:25 │ [92mINFO    [0m │ base_page │ navigate_to:43 │ [96mNavigating to → https://admin-dotc.alianhub.com/[0m
2026-04-30 17:25:26 │ [92mINFO    [0m │ base_page │ navigate_to:46 │ [96mPage loaded — current URL: https://admin-dotc.alianhub.com/[0m
2026-04-30 17:25:26 │ [92mINFO    [0m │ login_page │ open_login_page:85 │ [96mLogin page loaded successfully[0m
2026-04-30 17:25:26 │ [92mINFO    [0m │ login_page │ login:106 │ [96mPerforming login with email: admin@dotc.com[0m
2026-04-30 17:25:26 │ [92mINFO    [0m │ base_page │ safe_clear_and_fill:97 │ [96mClearing & filling 'Email input'[0m
2026-04-30 17:25:27 │ [92mINFO    [0m │ base_page │ safe_clear_and_fill:97 │ [96mClearing & filling 'Password input'[0m
2026-04-30 17:25:27 │ [92mINFO    [0m │ base_page │ safe_click:84 │ [96mClicking → Continue button[0m
2026-04-30 17:25:27 │ [92mINFO    [0m │ login_page │ wait_for_dashboard:119 │ [96mWaiting for dashboard to load…[0m
2026-04-30 17:25:30 │ [92mINFO    [0m │ login_page │ wait_for_dashboard:130 │ [96mDashboard loaded — URL: https://admin-dotc.alianhub.com/dashboard[0m
2026-04-30 17:25:30 │ [92mINFO    [0m │ conftest │ authenticated_page:218 │ [96mAuthentication complete — page is ready[0m
2026-04-30 17:25:30 │ [92mINFO    [0m │ user_mgmt_page │ navigate_to_user_management:182 │ [96mNavigating to User Management section[0m
2026-04-30 17:25:30 │ [92mINFO    [0m │ base_page │ safe_click:84 │ [96mClicking → User Management sidebar link[0m
2026-04-30 17:25:35 │ DEBUG    │ user_mgmt_page │ _wait_for_table_loaded:692 │ Table is visible and loaded
2026-04-30 17:25:35 │ [92mINFO    [0m │ user_mgmt_page │ navigate_to_user_management:191 │ [96mUser Management page loaded successfully[0m
2026-04-30 17:25:36 │ [92mINFO    [0m │ user_mgmt_page │ _get_combobox_options:751 │ [96mCombobox[1] options: ['All Dating Modes', 'Dating Mode Active', 'Dating Mode Inactive'][0m
2026-04-30 17:25:36 │ [92mINFO    [0m │ TC-UM-030 │ info:104 │ [96m[Step 01] Apply Dating Mode filter: 'Dating Mode Active'[0m
2026-04-30 17:25:36 │ [92mINFO    [0m │ user_mgmt_page │ apply_dating_mode_filter:292 │ [96mApplying Dating Mode filter: 'Dating Mode Active'[0m
2026-04-30 17:25:36 │ [92mINFO    [0m │ user_mgmt_page │ _select_combobox_option:765 │ [96mSelecting combobox[1] → 'Dating Mode Active'[0m
2026-04-30 17:25:38 │ DEBUG    │ user_mgmt_page │ _wait_for_table_loaded:692 │ Table is visible and loaded
2026-04-30 17:25:38 │ [92mINFO    [0m │ user_mgmt_page │ get_table_row_count:233 │ [96mVisible table rows: 1[0m
2026-04-30 17:25:38 │ DEBUG    │ user_mgmt_page │ _wait_for_table_loaded:692 │ Table is visible and loaded
2026-04-30 17:25:38 │ [92mINFO    [0m │ user_mgmt_page │ get_all_user_rows:255 │ [96mParsed 0 user rows[0m
2026-04-30 17:25:38 │ [92mINFO    [0m │ TC-UM-030 │ passed:107 │ [96m[Step 01] ✅ PASSED — Dating Mode='Active' filter returned 1 valid row(s)[0m
2026-04-30 17:25:41 │ [92mINFO    [0m │ conftest │ context:196 │ [96mVideo recorded → reports/videos\test_dating_mode_filter_active_chromium_.webm[0m
2026-04-30 17:25:42 │ [92mINFO    [0m │ conftest │ authenticated_page:213 │ [96mAuthenticating as admin@dotc.com[0m
2026-04-30 17:25:42 │ [92mINFO    [0m │ base_page │ navigate_to:43 │ [96mNavigating to → https://admin-dotc.alianhub.com/[0m
2026-04-30 17:25:43 │ [92mINFO    [0m │ base_page │ navigate_to:46 │ [96mPage loaded — current URL: https://admin-dotc.alianhub.com/[0m
2026-04-30 17:25:43 │ [92mINFO    [0m │ login_page │ open_login_page:85 │ [96mLogin page loaded successfully[0m
2026-04-30 17:25:43 │ [92mINFO    [0m │ login_page │ login:106 │ [96mPerforming login with email: admin@dotc.com[0m
2026-04-30 17:25:43 │ [92mINFO    [0m │ base_page │ safe_clear_and_fill:97 │ [96mClearing & filling 'Email input'[0m
2026-04-30 17:25:43 │ [92mINFO    [0m │ base_page │ safe_clear_and_fill:97 │ [96mClearing & filling 'Password input'[0m
2026-04-30 17:25:44 │ [92mINFO    [0m │ base_page │ safe_click:84 │ [96mClicking → Continue button[0m
2026-04-30 17:25:44 │ [92mINFO    [0m │ login_page │ wait_for_dashboard:119 │ [96mWaiting for dashboard to load…[0m
2026-04-30 17:25:46 │ [92mINFO    [0m │ login_page │ wait_for_dashboard:130 │ [96mDashboard loaded — URL: https://admin-dotc.alianhub.com/dashboard[0m
2026-04-30 17:25:46 │ [92mINFO    [0m │ conftest │ authenticated_page:218 │ [96mAuthentication complete — page is ready[0m
2026-04-30 17:25:46 │ [92mINFO    [0m │ user_mgmt_page │ navigate_to_user_management:182 │ [96mNavigating to User Management section[0m
2026-04-30 17:25:46 │ [92mINFO    [0m │ base_page │ safe_click:84 │ [96mClicking → User Management sidebar link[0m
2026-04-30 17:25:47 │ DEBUG    │ user_mgmt_page │ _wait_for_table_loaded:692 │ Table is visible and loaded
2026-04-30 17:25:47 │ [92mINFO    [0m │ user_mgmt_page │ navigate_to_user_management:191 │ [96mUser Management page loaded successfully[0m
2026-04-30 17:25:49 │ [92mINFO    [0m │ user_mgmt_page │ _get_combobox_options:751 │ [96mCombobox[1] options: ['All Dating Modes', 'Dating Mode Active', 'Dating Mode Inactive'][0m
2026-04-30 17:25:49 │ [92mINFO    [0m │ TC-UM-031 │ info:104 │ [96m[Step 01] Apply Dating Mode filter: 'Dating Mode Inactive'[0m
2026-04-30 17:25:49 │ [92mINFO    [0m │ user_mgmt_page │ apply_dating_mode_filter:292 │ [96mApplying Dating Mode filter: 'Dating Mode Inactive'[0m
2026-04-30 17:25:49 │ [92mINFO    [0m │ user_mgmt_page │ _select_combobox_option:765 │ [96mSelecting combobox[1] → 'Dating Mode Inactive'[0m
2026-04-30 17:25:52 │ DEBUG    │ user_mgmt_page │ _wait_for_table_loaded:692 │ Table is visible and loaded
2026-04-30 17:25:52 │ [92mINFO    [0m │ user_mgmt_page │ get_table_row_count:233 │ [96mVisible table rows: 10[0m
2026-04-30 17:25:52 │ DEBUG    │ user_mgmt_page │ _wait_for_table_loaded:692 │ Table is visible and loaded
2026-04-30 17:25:53 │ [92mINFO    [0m │ user_mgmt_page │ get_all_user_rows:255 │ [96mParsed 10 user rows[0m
2026-04-30 17:25:53 │ [92mINFO    [0m │ TC-UM-031 │ passed:107 │ [96m[Step 01] ✅ PASSED — Dating Mode='Inactive' filter returned 10 valid row(s)[0m
2026-04-30 17:25:57 │ [92mINFO    [0m │ conftest │ context:196 │ [96mVideo recorded → reports/videos\test_dating_mode_filter_inactive_chromium_.webm[0m
2026-04-30 17:25:58 │ [92mINFO    [0m │ conftest │ authenticated_page:213 │ [96mAuthenticating as admin@dotc.com[0m
2026-04-30 17:25:58 │ [92mINFO    [0m │ base_page │ navigate_to:43 │ [96mNavigating to → https://admin-dotc.alianhub.com/[0m
2026-04-30 17:25:59 │ [92mINFO    [0m │ base_page │ navigate_to:46 │ [96mPage loaded — current URL: https://admin-dotc.alianhub.com/[0m
2026-04-30 17:25:59 │ [92mINFO    [0m │ login_page │ open_login_page:85 │ [96mLogin page loaded successfully[0m
2026-04-30 17:25:59 │ [92mINFO    [0m │ login_page │ login:106 │ [96mPerforming login with email: admin@dotc.com[0m
2026-04-30 17:25:59 │ [92mINFO    [0m │ base_page │ safe_clear_and_fill:97 │ [96mClearing & filling 'Email input'[0m
2026-04-30 17:25:59 │ [92mINFO    [0m │ base_page │ safe_clear_and_fill:97 │ [96mClearing & filling 'Password input'[0m
2026-04-30 17:25:59 │ [92mINFO    [0m │ base_page │ safe_click:84 │ [96mClicking → Continue button[0m
2026-04-30 17:25:59 │ [92mINFO    [0m │ login_page │ wait_for_dashboard:119 │ [96mWaiting for dashboard to load…[0m
2026-04-30 17:26:03 │ [92mINFO    [0m │ login_page │ wait_for_dashboard:130 │ [96mDashboard loaded — URL: https://admin-dotc.alianhub.com/dashboard[0m
2026-04-30 17:26:03 │ [92mINFO    [0m │ conftest │ authenticated_page:218 │ [96mAuthentication complete — page is ready[0m
2026-04-30 17:26:03 │ [92mINFO    [0m │ user_mgmt_page │ navigate_to_user_management:182 │ [96mNavigating to User Management section[0m
2026-04-30 17:26:03 │ [92mINFO    [0m │ base_page │ safe_click:84 │ [96mClicking → User Management sidebar link[0m
2026-04-30 17:26:03 │ DEBUG    │ user_mgmt_page │ _wait_for_table_loaded:692 │ Table is visible and loaded
2026-04-30 17:26:03 │ [92mINFO    [0m │ user_mgmt_page │ navigate_to_user_management:191 │ [96mUser Management page loaded successfully[0m
2026-04-30 17:26:03 │ [92mINFO    [0m │ TC-UM-013 │ info:104 │ [96m[Step 01] Get a real (non-placeholder) name to use as search term[0m
2026-04-30 17:26:08 │ DEBUG    │ user_mgmt_page │ _wait_for_table_loaded:692 │ Table is visible and loaded
2026-04-30 17:26:09 │ [92mINFO    [0m │ user_mgmt_page │ get_all_user_rows:255 │ [96mParsed 10 user rows[0m
2026-04-30 17:26:09 │ [92mINFO    [0m │ TC-UM-013 │ info:104 │ [96m[Step 02] Searching for name: 'Heloooo'[0m
2026-04-30 17:26:09 │ [92mINFO    [0m │ user_mgmt_page │ search_users:362 │ [96mSearching for: 'Heloooo'[0m
2026-04-30 17:26:09 │ [92mINFO    [0m │ base_page │ safe_clear_and_fill:97 │ [96mClearing & filling 'Search input'[0m
2026-04-30 17:26:13 │ [92mINFO    [0m │ TC-UM-013 │ info:104 │ [96m[Step 03] Validate results contain search term[0m
2026-04-30 17:26:13 │ DEBUG    │ user_mgmt_page │ _wait_for_table_loaded:692 │ Table is visible and loaded
2026-04-30 17:26:13 │ [92mINFO    [0m │ user_mgmt_page │ get_table_row_count:233 │ [96mVisible table rows: 1[0m
2026-04-30 17:26:13 │ DEBUG    │ user_mgmt_page │ _wait_for_table_loaded:692 │ Table is visible and loaded
2026-04-30 17:26:13 │ [92mINFO    [0m │ user_mgmt_page │ get_all_user_rows:255 │ [96mParsed 1 user rows[0m
2026-04-30 17:26:14 │ DEBUG    │ user_mgmt_page │ _wait_for_table_loaded:692 │ Table is visible and loaded
2026-04-30 17:26:14 │ [92mINFO    [0m │ user_mgmt_page │ get_all_user_rows:255 │ [96mParsed 1 user rows[0m
2026-04-30 17:26:14 │ [92mINFO    [0m │ user_mgmt_page │ validate_search_results_contain:392 │ [96mAll 1 rows match search term 'Heloooo' ✓[0m
2026-04-30 17:26:14 │ [92mINFO    [0m │ TC-UM-013 │ passed:107 │ [96m[Step 03] ✅ PASSED — Search by name returned 1 matching result(s)[0m
2026-04-30 17:26:20 │ [92mINFO    [0m │ conftest │ context:196 │ [96mVideo recorded → reports/videos\test_search_by_name_chromium_.webm[0m
2026-04-30 17:26:21 │ [92mINFO    [0m │ conftest │ authenticated_page:213 │ [96mAuthenticating as admin@dotc.com[0m
2026-04-30 17:26:21 │ [92mINFO    [0m │ base_page │ navigate_to:43 │ [96mNavigating to → https://admin-dotc.alianhub.com/[0m
2026-04-30 17:26:22 │ [92mINFO    [0m │ base_page │ navigate_to:46 │ [96mPage loaded — current URL: https://admin-dotc.alianhub.com/[0m
2026-04-30 17:26:22 │ [92mINFO    [0m │ login_page │ open_login_page:85 │ [96mLogin page loaded successfully[0m
2026-04-30 17:26:22 │ [92mINFO    [0m │ login_page │ login:106 │ [96mPerforming login with email: admin@dotc.com[0m
2026-04-30 17:26:22 │ [92mINFO    [0m │ base_page │ safe_clear_and_fill:97 │ [96mClearing & filling 'Email input'[0m
2026-04-30 17:26:22 │ [92mINFO    [0m │ base_page │ safe_clear_and_fill:97 │ [96mClearing & filling 'Password input'[0m
2026-04-30 17:26:22 │ [92mINFO    [0m │ base_page │ safe_click:84 │ [96mClicking → Continue button[0m
2026-04-30 17:26:23 │ [92mINFO    [0m │ login_page │ wait_for_dashboard:119 │ [96mWaiting for dashboard to load…[0m
2026-04-30 17:26:25 │ [92mINFO    [0m │ login_page │ wait_for_dashboard:130 │ [96mDashboard loaded — URL: https://admin-dotc.alianhub.com/dashboard[0m
2026-04-30 17:26:25 │ [92mINFO    [0m │ conftest │ authenticated_page:218 │ [96mAuthentication complete — page is ready[0m
2026-04-30 17:26:25 │ [92mINFO    [0m │ user_mgmt_page │ navigate_to_user_management:182 │ [96mNavigating to User Management section[0m
2026-04-30 17:26:25 │ [92mINFO    [0m │ base_page │ safe_click:84 │ [96mClicking → User Management sidebar link[0m
2026-04-30 17:26:30 │ DEBUG    │ user_mgmt_page │ _wait_for_table_loaded:692 │ Table is visible and loaded
2026-04-30 17:26:30 │ [92mINFO    [0m │ user_mgmt_page │ navigate_to_user_management:191 │ [96mUser Management page loaded successfully[0m
2026-04-30 17:26:30 │ DEBUG    │ user_mgmt_page │ _wait_for_table_loaded:692 │ Table is visible and loaded
2026-04-30 17:26:31 │ [92mINFO    [0m │ user_mgmt_page │ get_all_user_rows:255 │ [96mParsed 10 user rows[0m
2026-04-30 17:26:31 │ [92mINFO    [0m │ TC-UM-014 │ info:104 │ [96m[Step 01] Searching for email: 'N/A'[0m
2026-04-30 17:26:31 │ [92mINFO    [0m │ user_mgmt_page │ search_users:362 │ [96mSearching for: 'N/A'[0m
2026-04-30 17:26:31 │ [92mINFO    [0m │ base_page │ safe_clear_and_fill:97 │ [96mClearing & filling 'Search input'[0m
2026-04-30 17:26:33 │ DEBUG    │ user_mgmt_page │ _wait_for_table_loaded:692 │ Table is visible and loaded
2026-04-30 17:26:33 │ [92mINFO    [0m │ user_mgmt_page │ get_table_row_count:233 │ [96mVisible table rows: 1[0m
2026-04-30 17:26:33 │ [92mINFO    [0m │ TC-UM-014 │ passed:107 │ [96m[Step 01] ✅ PASSED — Search by email returned 1 result(s)[0m
2026-04-30 17:26:38 │ [92mINFO    [0m │ conftest │ context:196 │ [96mVideo recorded → reports/videos\test_search_by_email_chromium_.webm[0m
2026-04-30 17:26:39 │ [92mINFO    [0m │ conftest │ authenticated_page:213 │ [96mAuthenticating as admin@dotc.com[0m
2026-04-30 17:26:39 │ [92mINFO    [0m │ base_page │ navigate_to:43 │ [96mNavigating to → https://admin-dotc.alianhub.com/[0m
2026-04-30 17:26:40 │ [92mINFO    [0m │ base_page │ navigate_to:46 │ [96mPage loaded — current URL: https://admin-dotc.alianhub.com/[0m
2026-04-30 17:26:40 │ [92mINFO    [0m │ login_page │ open_login_page:85 │ [96mLogin page loaded successfully[0m
2026-04-30 17:26:40 │ [92mINFO    [0m │ login_page │ login:106 │ [96mPerforming login with email: admin@dotc.com[0m
2026-04-30 17:26:40 │ [92mINFO    [0m │ base_page │ safe_clear_and_fill:97 │ [96mClearing & filling 'Email input'[0m
2026-04-30 17:26:40 │ [92mINFO    [0m │ base_page │ safe_clear_and_fill:97 │ [96mClearing & filling 'Password input'[0m
2026-04-30 17:26:41 │ [92mINFO    [0m │ base_page │ safe_click:84 │ [96mClicking → Continue button[0m
2026-04-30 17:26:41 │ [92mINFO    [0m │ login_page │ wait_for_dashboard:119 │ [96mWaiting for dashboard to load…[0m
2026-04-30 17:26:44 │ [92mINFO    [0m │ login_page │ wait_for_dashboard:130 │ [96mDashboard loaded — URL: https://admin-dotc.alianhub.com/dashboard[0m
2026-04-30 17:26:44 │ [92mINFO    [0m │ conftest │ authenticated_page:218 │ [96mAuthentication complete — page is ready[0m
2026-04-30 17:26:44 │ [92mINFO    [0m │ user_mgmt_page │ navigate_to_user_management:182 │ [96mNavigating to User Management section[0m
2026-04-30 17:26:44 │ [92mINFO    [0m │ base_page │ safe_click:84 │ [96mClicking → User Management sidebar link[0m
2026-04-30 17:26:45 │ DEBUG    │ user_mgmt_page │ _wait_for_table_loaded:692 │ Table is visible and loaded
2026-04-30 17:26:45 │ [92mINFO    [0m │ user_mgmt_page │ navigate_to_user_management:191 │ [96mUser Management page loaded successfully[0m
2026-04-30 17:26:45 │ [92mINFO    [0m │ TC-UM-015 │ info:104 │ [96m[Step 01] Searching for nonsense: 'zzzznonexistentuser12345xyz'[0m
2026-04-30 17:26:45 │ [92mINFO    [0m │ user_mgmt_page │ search_users:362 │ [96mSearching for: 'zzzznonexistentuser12345xyz'[0m
2026-04-30 17:26:45 │ [92mINFO    [0m │ base_page │ safe_clear_and_fill:97 │ [96mClearing & filling 'Search input'[0m
2026-04-30 17:26:49 │ [92mINFO    [0m │ TC-UM-015 │ info:104 │ [96m[Step 02] Validate no results or no-data message[0m
2026-04-30 17:26:49 │ DEBUG    │ user_mgmt_page │ _wait_for_table_loaded:692 │ Table is visible and loaded
2026-04-30 17:26:49 │ [92mINFO    [0m │ user_mgmt_page │ get_table_row_count:233 │ [96mVisible table rows: 1[0m
2026-04-30 17:26:49 │ [92mINFO    [0m │ TC-UM-015 │ info:104 │ [96m[Step 03] Validate pagination is hidden when no results found[0m
2026-04-30 17:26:49 │ [93mWARNING [0m │ conftest │ pytest_runtest_makereport:260 │ [96mFailure screenshot captured and attached: test_search_no_match[chromium][0m
2026-04-30 17:26:49 │ [92mINFO    [0m │ bug_reporter │ report_bug_on_failure:209 │ [96mCreating bug report for failed test: TC-UM-015[0m
2026-04-30 17:26:50 │ [92mINFO    [0m │ bug_reporter │ save_bug_report:121 │ [96mBug report saved: reports\bugs\BUG_TC-UM-015_20260430_172649.json[0m
2026-04-30 17:26:55 │ [92mINFO    [0m │ bug_reporter │ send_bug_email:193 │ [96mBug report email sent to: ['aliantest236@gmail.com'][0m
2026-04-30 17:26:56 │ [92mINFO    [0m │ conftest │ context:196 │ [96mVideo recorded → reports/videos\test_search_no_match_chromium_.webm[0m
2026-04-30 17:26:57 │ [92mINFO    [0m │ conftest │ authenticated_page:213 │ [96mAuthenticating as admin@dotc.com[0m
2026-04-30 17:26:57 │ [92mINFO    [0m │ base_page │ navigate_to:43 │ [96mNavigating to → https://admin-dotc.alianhub.com/[0m
2026-04-30 17:26:58 │ [92mINFO    [0m │ base_page │ navigate_to:46 │ [96mPage loaded — current URL: https://admin-dotc.alianhub.com/[0m
2026-04-30 17:26:58 │ [92mINFO    [0m │ login_page │ open_login_page:85 │ [96mLogin page loaded successfully[0m
2026-04-30 17:26:58 │ [92mINFO    [0m │ login_page │ login:106 │ [96mPerforming login with email: admin@dotc.com[0m
2026-04-30 17:26:58 │ [92mINFO    [0m │ base_page │ safe_clear_and_fill:97 │ [96mClearing & filling 'Email input'[0m
2026-04-30 17:26:58 │ [92mINFO    [0m │ base_page │ safe_clear_and_fill:97 │ [96mClearing & filling 'Password input'[0m
2026-04-30 17:26:58 │ [92mINFO    [0m │ base_page │ safe_click:84 │ [96mClicking → Continue button[0m
2026-04-30 17:26:59 │ [92mINFO    [0m │ login_page │ wait_for_dashboard:119 │ [96mWaiting for dashboard to load…[0m
2026-04-30 17:27:01 │ [92mINFO    [0m │ login_page │ wait_for_dashboard:130 │ [96mDashboard loaded — URL: https://admin-dotc.alianhub.com/dashboard[0m
2026-04-30 17:27:01 │ [92mINFO    [0m │ conftest │ authenticated_page:218 │ [96mAuthentication complete — page is ready[0m
2026-04-30 17:27:01 │ [92mINFO    [0m │ user_mgmt_page │ navigate_to_user_management:182 │ [96mNavigating to User Management section[0m
2026-04-30 17:27:01 │ [92mINFO    [0m │ base_page │ safe_click:84 │ [96mClicking → User Management sidebar link[0m
2026-04-30 17:27:02 │ DEBUG    │ user_mgmt_page │ _wait_for_table_loaded:692 │ Table is visible and loaded
2026-04-30 17:27:02 │ [92mINFO    [0m │ user_mgmt_page │ navigate_to_user_management:191 │ [96mUser Management page loaded successfully[0m
2026-04-30 17:27:06 │ DEBUG    │ user_mgmt_page │ _wait_for_table_loaded:692 │ Table is visible and loaded
2026-04-30 17:27:06 │ [92mINFO    [0m │ user_mgmt_page │ get_table_row_count:233 │ [96mVisible table rows: 10[0m
2026-04-30 17:27:06 │ [92mINFO    [0m │ TC-UM-016 │ info:104 │ [96m[Step 01] Search for something specific[0m
2026-04-30 17:27:06 │ DEBUG    │ user_mgmt_page │ _wait_for_table_loaded:692 │ Table is visible and loaded
2026-04-30 17:27:07 │ [92mINFO    [0m │ user_mgmt_page │ get_all_user_rows:255 │ [96mParsed 10 user rows[0m
2026-04-30 17:27:07 │ [92mINFO    [0m │ user_mgmt_page │ search_users:362 │ [96mSearching for: 'Heloooo'[0m
2026-04-30 17:27:07 │ [92mINFO    [0m │ base_page │ safe_clear_and_fill:97 │ [96mClearing & filling 'Search input'[0m
2026-04-30 17:27:10 │ [92mINFO    [0m │ TC-UM-016 │ info:104 │ [96m[Step 02] Clear search[0m
2026-04-30 17:27:10 │ [92mINFO    [0m │ user_mgmt_page │ clear_search:370 │ [96mClearing search input[0m
2026-04-30 17:27:12 │ DEBUG    │ user_mgmt_page │ _wait_for_table_loaded:692 │ Table is visible and loaded
2026-04-30 17:27:12 │ [92mINFO    [0m │ user_mgmt_page │ get_table_row_count:233 │ [96mVisible table rows: 10[0m
2026-04-30 17:27:12 │ [92mINFO    [0m │ TC-UM-016 │ passed:107 │ [96m[Step 02] ✅ PASSED — Search cleared — row count restored to 10[0m
2026-04-30 17:27:17 │ [92mINFO    [0m │ conftest │ context:196 │ [96mVideo recorded → reports/videos\test_clear_search_chromium_.webm[0m
2026-04-30 17:27:18 │ [92mINFO    [0m │ conftest │ authenticated_page:213 │ [96mAuthenticating as admin@dotc.com[0m
2026-04-30 17:27:18 │ [92mINFO    [0m │ base_page │ navigate_to:43 │ [96mNavigating to → https://admin-dotc.alianhub.com/[0m
2026-04-30 17:27:19 │ [92mINFO    [0m │ base_page │ navigate_to:46 │ [96mPage loaded — current URL: https://admin-dotc.alianhub.com/[0m
2026-04-30 17:27:19 │ [92mINFO    [0m │ login_page │ open_login_page:85 │ [96mLogin page loaded successfully[0m
2026-04-30 17:27:19 │ [92mINFO    [0m │ login_page │ login:106 │ [96mPerforming login with email: admin@dotc.com[0m
2026-04-30 17:27:19 │ [92mINFO    [0m │ base_page │ safe_clear_and_fill:97 │ [96mClearing & filling 'Email input'[0m
2026-04-30 17:27:19 │ [92mINFO    [0m │ base_page │ safe_clear_and_fill:97 │ [96mClearing & filling 'Password input'[0m
2026-04-30 17:27:20 │ [92mINFO    [0m │ base_page │ safe_click:84 │ [96mClicking → Continue button[0m
2026-04-30 17:27:20 │ [92mINFO    [0m │ login_page │ wait_for_dashboard:119 │ [96mWaiting for dashboard to load…[0m
2026-04-30 17:27:23 │ [92mINFO    [0m │ login_page │ wait_for_dashboard:130 │ [96mDashboard loaded — URL: https://admin-dotc.alianhub.com/dashboard[0m
2026-04-30 17:27:23 │ [92mINFO    [0m │ conftest │ authenticated_page:218 │ [96mAuthentication complete — page is ready[0m
2026-04-30 17:27:23 │ [92mINFO    [0m │ user_mgmt_page │ navigate_to_user_management:182 │ [96mNavigating to User Management section[0m
2026-04-30 17:27:23 │ [92mINFO    [0m │ base_page │ safe_click:84 │ [96mClicking → User Management sidebar link[0m
2026-04-30 17:27:24 │ DEBUG    │ user_mgmt_page │ _wait_for_table_loaded:692 │ Table is visible and loaded
2026-04-30 17:27:24 │ [92mINFO    [0m │ user_mgmt_page │ navigate_to_user_management:191 │ [96mUser Management page loaded successfully[0m
2026-04-30 17:27:28 │ DEBUG    │ user_mgmt_page │ _wait_for_table_loaded:692 │ Table is visible and loaded
2026-04-30 17:27:29 │ [92mINFO    [0m │ user_mgmt_page │ get_all_user_rows:255 │ [96mParsed 10 user rows[0m
2026-04-30 17:27:29 │ [92mINFO    [0m │ TC-UM-032 │ info:104 │ [96m[Step 01] Open first user detail page to extract ID from URL[0m
2026-04-30 17:27:29 │ [92mINFO    [0m │ user_mgmt_page │ click_view_user:402 │ [96mClicking View on row index 0[0m
2026-04-30 17:27:38 │ DEBUG    │ user_mgmt_page │ _wait_for_detail_page:731 │ Detail page loaded — 'Back to Members' indicator found
2026-04-30 17:27:55 │ [92mINFO    [0m │ conftest │ context:196 │ [96mVideo recorded → reports/videos\test_search_by_id_chromium_.webm[0m
2026-04-30 17:27:56 │ [92mINFO    [0m │ conftest │ authenticated_page:213 │ [96mAuthenticating as admin@dotc.com[0m
2026-04-30 17:27:56 │ [92mINFO    [0m │ base_page │ navigate_to:43 │ [96mNavigating to → https://admin-dotc.alianhub.com/[0m
2026-04-30 17:27:57 │ [92mINFO    [0m │ base_page │ navigate_to:46 │ [96mPage loaded — current URL: https://admin-dotc.alianhub.com/[0m
2026-04-30 17:27:58 │ [92mINFO    [0m │ login_page │ open_login_page:85 │ [96mLogin page loaded successfully[0m
2026-04-30 17:27:58 │ [92mINFO    [0m │ login_page │ login:106 │ [96mPerforming login with email: admin@dotc.com[0m
2026-04-30 17:27:58 │ [92mINFO    [0m │ base_page │ safe_clear_and_fill:97 │ [96mClearing & filling 'Email input'[0m
2026-04-30 17:27:58 │ [92mINFO    [0m │ base_page │ safe_clear_and_fill:97 │ [96mClearing & filling 'Password input'[0m
2026-04-30 17:27:59 │ [92mINFO    [0m │ base_page │ safe_click:84 │ [96mClicking → Continue button[0m
2026-04-30 17:27:59 │ [92mINFO    [0m │ login_page │ wait_for_dashboard:119 │ [96mWaiting for dashboard to load…[0m
2026-04-30 17:28:02 │ [92mINFO    [0m │ login_page │ wait_for_dashboard:130 │ [96mDashboard loaded — URL: https://admin-dotc.alianhub.com/dashboard[0m
2026-04-30 17:28:02 │ [92mINFO    [0m │ conftest │ authenticated_page:218 │ [96mAuthentication complete — page is ready[0m
2026-04-30 17:28:02 │ [92mINFO    [0m │ user_mgmt_page │ navigate_to_user_management:182 │ [96mNavigating to User Management section[0m
2026-04-30 17:28:02 │ [92mINFO    [0m │ base_page │ safe_click:84 │ [96mClicking → User Management sidebar link[0m
2026-04-30 17:28:08 │ DEBUG    │ user_mgmt_page │ _wait_for_table_loaded:692 │ Table is visible and loaded
2026-04-30 17:28:08 │ [92mINFO    [0m │ user_mgmt_page │ navigate_to_user_management:191 │ [96mUser Management page loaded successfully[0m
2026-04-30 17:28:09 │ DEBUG    │ user_mgmt_page │ _wait_for_table_loaded:692 │ Table is visible and loaded
2026-04-30 17:28:10 │ [92mINFO    [0m │ user_mgmt_page │ get_all_user_rows:255 │ [96mParsed 10 user rows[0m
2026-04-30 17:28:10 │ [92mINFO    [0m │ TC-UM-018 │ info:104 │ [96m[Step 01] Navigate to user detail (row 4)[0m
2026-04-30 17:28:10 │ [92mINFO    [0m │ user_mgmt_page │ click_view_user:402 │ [96mClicking View on row index 4[0m
2026-04-30 17:28:16 │ DEBUG    │ user_mgmt_page │ _wait_for_detail_page:731 │ Detail page loaded — 'Back to Members' indicator found
2026-04-30 17:28:16 │ [92mINFO    [0m │ TC-UM-018 │ info:104 │ [96m[Step 02] Verify detail container is visible[0m
2026-04-30 17:28:16 │ [92mINFO    [0m │ TC-UM-018 │ info:104 │ [96m[Step 03] Verify page has meaningful content[0m
2026-04-30 17:28:16 │ [92mINFO    [0m │ TC-UM-018 │ info:104 │ [96m[Step 04] Verify user name is present on detail page[0m
2026-04-30 17:28:17 │ [92mINFO    [0m │ TC-UM-018 │ info:104 │ [96m[Step 05] Verify user email is present on detail page[0m
2026-04-30 17:28:17 │ [92mINFO    [0m │ TC-UM-018 │ passed:107 │ [96m[Step 05] ✅ PASSED — Detail page shows name='RUSHI GHETIYA', email='rushi@gmail.com'[0m
2026-04-30 17:28:26 │ [92mINFO    [0m │ conftest │ context:196 │ [96mVideo recorded → reports/videos\test_user_detail_fields_chromium_.webm[0m
2026-04-30 17:28:27 │ [92mINFO    [0m │ conftest │ authenticated_page:213 │ [96mAuthenticating as admin@dotc.com[0m
2026-04-30 17:28:27 │ [92mINFO    [0m │ base_page │ navigate_to:43 │ [96mNavigating to → https://admin-dotc.alianhub.com/[0m
2026-04-30 17:28:28 │ [92mINFO    [0m │ base_page │ navigate_to:46 │ [96mPage loaded — current URL: https://admin-dotc.alianhub.com/[0m
2026-04-30 17:28:28 │ [92mINFO    [0m │ login_page │ open_login_page:85 │ [96mLogin page loaded successfully[0m
2026-04-30 17:28:28 │ [92mINFO    [0m │ login_page │ login:106 │ [96mPerforming login with email: admin@dotc.com[0m
2026-04-30 17:28:28 │ [92mINFO    [0m │ base_page │ safe_clear_and_fill:97 │ [96mClearing & filling 'Email input'[0m
2026-04-30 17:28:28 │ [92mINFO    [0m │ base_page │ safe_clear_and_fill:97 │ [96mClearing & filling 'Password input'[0m
2026-04-30 17:28:28 │ [92mINFO    [0m │ base_page │ safe_click:84 │ [96mClicking → Continue button[0m
2026-04-30 17:28:29 │ [92mINFO    [0m │ login_page │ wait_for_dashboard:119 │ [96mWaiting for dashboard to load…[0m
2026-04-30 17:28:31 │ [92mINFO    [0m │ login_page │ wait_for_dashboard:130 │ [96mDashboard loaded — URL: https://admin-dotc.alianhub.com/dashboard[0m
2026-04-30 17:28:31 │ [92mINFO    [0m │ conftest │ authenticated_page:218 │ [96mAuthentication complete — page is ready[0m
2026-04-30 17:28:31 │ [92mINFO    [0m │ user_mgmt_page │ navigate_to_user_management:182 │ [96mNavigating to User Management section[0m
2026-04-30 17:28:31 │ [92mINFO    [0m │ base_page │ safe_click:84 │ [96mClicking → User Management sidebar link[0m
2026-04-30 17:28:37 │ DEBUG    │ user_mgmt_page │ _wait_for_table_loaded:692 │ Table is visible and loaded
2026-04-30 17:28:37 │ [92mINFO    [0m │ user_mgmt_page │ navigate_to_user_management:191 │ [96mUser Management page loaded successfully[0m
2026-04-30 17:28:37 │ DEBUG    │ user_mgmt_page │ _wait_for_table_loaded:692 │ Table is visible and loaded
2026-04-30 17:28:38 │ [92mINFO    [0m │ user_mgmt_page │ get_all_user_rows:255 │ [96mParsed 10 user rows[0m
2026-04-30 17:28:38 │ [92mINFO    [0m │ TC-UM-037 │ info:104 │ [96m[Step 01] List row 0 name: 'Heloooo'[0m
2026-04-30 17:28:38 │ [92mINFO    [0m │ user_mgmt_page │ click_view_user:402 │ [96mClicking View on row index 0[0m
2026-04-30 17:28:43 │ DEBUG    │ user_mgmt_page │ _wait_for_detail_page:731 │ Detail page loaded — 'Back to Members' indicator found
2026-04-30 17:28:43 │ [92mINFO    [0m │ TC-UM-037 │ info:104 │ [96m[Step 02] Detail page name: 'HELOOOO'[0m
2026-04-30 17:28:43 │ [92mINFO    [0m │ TC-UM-037 │ passed:107 │ [96m[Step 02] ✅ PASSED — Detail name 'HELOOOO' matches list name 'Heloooo'[0m
2026-04-30 17:28:55 │ [92mINFO    [0m │ conftest │ context:196 │ [96mVideo recorded → reports/videos\test_detail_name_matches_list_chromium_.webm[0m
2026-04-30 17:28:56 │ [92mINFO    [0m │ conftest │ authenticated_page:213 │ [96mAuthenticating as admin@dotc.com[0m
2026-04-30 17:28:56 │ [92mINFO    [0m │ base_page │ navigate_to:43 │ [96mNavigating to → https://admin-dotc.alianhub.com/[0m
2026-04-30 17:28:57 │ [92mINFO    [0m │ base_page │ navigate_to:46 │ [96mPage loaded — current URL: https://admin-dotc.alianhub.com/[0m
2026-04-30 17:28:57 │ [92mINFO    [0m │ login_page │ open_login_page:85 │ [96mLogin page loaded successfully[0m
2026-04-30 17:28:57 │ [92mINFO    [0m │ login_page │ login:106 │ [96mPerforming login with email: admin@dotc.com[0m
2026-04-30 17:28:57 │ [92mINFO    [0m │ base_page │ safe_clear_and_fill:97 │ [96mClearing & filling 'Email input'[0m
2026-04-30 17:28:58 │ [92mINFO    [0m │ base_page │ safe_clear_and_fill:97 │ [96mClearing & filling 'Password input'[0m
2026-04-30 17:28:58 │ [92mINFO    [0m │ base_page │ safe_click:84 │ [96mClicking → Continue button[0m
2026-04-30 17:28:58 │ [92mINFO    [0m │ login_page │ wait_for_dashboard:119 │ [96mWaiting for dashboard to load…[0m
2026-04-30 17:29:02 │ [92mINFO    [0m │ login_page │ wait_for_dashboard:130 │ [96mDashboard loaded — URL: https://admin-dotc.alianhub.com/dashboard[0m
2026-04-30 17:29:02 │ [92mINFO    [0m │ conftest │ authenticated_page:218 │ [96mAuthentication complete — page is ready[0m
2026-04-30 17:29:02 │ [92mINFO    [0m │ user_mgmt_page │ navigate_to_user_management:182 │ [96mNavigating to User Management section[0m
2026-04-30 17:29:02 │ [92mINFO    [0m │ base_page │ safe_click:84 │ [96mClicking → User Management sidebar link[0m
2026-04-30 17:29:13 │ DEBUG    │ user_mgmt_page │ _wait_for_table_loaded:692 │ Table is visible and loaded
2026-04-30 17:29:13 │ [92mINFO    [0m │ user_mgmt_page │ navigate_to_user_management:191 │ [96mUser Management page loaded successfully[0m
2026-04-30 17:29:13 │ DEBUG    │ user_mgmt_page │ _wait_for_table_loaded:692 │ Table is visible and loaded
2026-04-30 17:29:15 │ [92mINFO    [0m │ user_mgmt_page │ get_all_user_rows:255 │ [96mParsed 10 user rows[0m
2026-04-30 17:29:15 │ [92mINFO    [0m │ TC-UM-038 │ info:104 │ [96m[Step 01] List row email: 'N/A'[0m
2026-04-30 17:29:15 │ [92mINFO    [0m │ user_mgmt_page │ click_view_user:402 │ [96mClicking View on row index 0[0m
2026-04-30 17:29:26 │ DEBUG    │ user_mgmt_page │ _wait_for_detail_page:731 │ Detail page loaded — 'Back to Members' indicator found
2026-04-30 17:29:28 │ [92mINFO    [0m │ TC-UM-038 │ info:104 │ [96m[Step 02] Detail page email: ''[0m
2026-04-30 17:29:28 │ [92mINFO    [0m │ TC-UM-038 │ passed:107 │ [96m[Step 02] ✅ PASSED — Detail email '' matches list email 'N/A'[0m
2026-04-30 17:29:58 │ [92mINFO    [0m │ conftest │ context:196 │ [96mVideo recorded → reports/videos\test_detail_email_matches_list_chromium_.webm[0m
2026-04-30 17:29:59 │ [92mINFO    [0m │ conftest │ authenticated_page:213 │ [96mAuthenticating as admin@dotc.com[0m
2026-04-30 17:29:59 │ [92mINFO    [0m │ base_page │ navigate_to:43 │ [96mNavigating to → https://admin-dotc.alianhub.com/[0m
2026-04-30 17:30:01 │ [92mINFO    [0m │ base_page │ navigate_to:46 │ [96mPage loaded — current URL: https://admin-dotc.alianhub.com/[0m
2026-04-30 17:30:01 │ [92mINFO    [0m │ login_page │ open_login_page:85 │ [96mLogin page loaded successfully[0m
2026-04-30 17:30:01 │ [92mINFO    [0m │ login_page │ login:106 │ [96mPerforming login with email: admin@dotc.com[0m
2026-04-30 17:30:01 │ [92mINFO    [0m │ base_page │ safe_clear_and_fill:97 │ [96mClearing & filling 'Email input'[0m
2026-04-30 17:30:02 │ [92mINFO    [0m │ base_page │ safe_clear_and_fill:97 │ [96mClearing & filling 'Password input'[0m
2026-04-30 17:30:03 │ [92mINFO    [0m │ base_page │ safe_click:84 │ [96mClicking → Continue button[0m
2026-04-30 17:30:03 │ [92mINFO    [0m │ login_page │ wait_for_dashboard:119 │ [96mWaiting for dashboard to load…[0m
2026-04-30 17:30:12 │ [92mINFO    [0m │ login_page │ wait_for_dashboard:130 │ [96mDashboard loaded — URL: https://admin-dotc.alianhub.com/dashboard[0m
2026-04-30 17:30:12 │ [92mINFO    [0m │ conftest │ authenticated_page:218 │ [96mAuthentication complete — page is ready[0m
2026-04-30 17:30:12 │ [92mINFO    [0m │ user_mgmt_page │ navigate_to_user_management:182 │ [96mNavigating to User Management section[0m
2026-04-30 17:30:12 │ [92mINFO    [0m │ base_page │ safe_click:84 │ [96mClicking → User Management sidebar link[0m
2026-04-30 17:30:13 │ DEBUG    │ user_mgmt_page │ _wait_for_table_loaded:692 │ Table is visible and loaded
2026-04-30 17:30:13 │ [92mINFO    [0m │ user_mgmt_page │ navigate_to_user_management:191 │ [96mUser Management page loaded successfully[0m
2026-04-30 17:30:17 │ DEBUG    │ user_mgmt_page │ _wait_for_table_loaded:692 │ Table is visible and loaded
2026-04-30 17:30:19 │ [92mINFO    [0m │ user_mgmt_page │ get_all_user_rows:255 │ [96mParsed 10 user rows[0m
2026-04-30 17:30:19 │ [92mINFO    [0m │ TC-UM-039 │ info:104 │ [96m[Step 01] List row status: 'Active'[0m
2026-04-30 17:30:19 │ [92mINFO    [0m │ user_mgmt_page │ click_view_user:402 │ [96mClicking View on row index 0[0m
2026-04-30 17:30:26 │ DEBUG    │ user_mgmt_page │ _wait_for_detail_page:731 │ Detail page loaded — 'Back to Members' indicator found
2026-04-30 17:30:26 │ [92mINFO    [0m │ TC-UM-039 │ info:104 │ [96m[Step 02] Detail page status: 'ACTIVE'[0m
2026-04-30 17:30:26 │ [92mINFO    [0m │ TC-UM-039 │ passed:107 │ [96m[Step 02] ✅ PASSED — Detail status 'ACTIVE' matches list status 'Active'[0m
2026-04-30 17:30:39 │ [92mINFO    [0m │ conftest │ context:196 │ [96mVideo recorded → reports/videos\test_detail_status_matches_list_chromium_.webm[0m
2026-04-30 17:30:39 │ [92mINFO    [0m │ conftest │ authenticated_page:213 │ [96mAuthenticating as admin@dotc.com[0m
2026-04-30 17:30:39 │ [92mINFO    [0m │ base_page │ navigate_to:43 │ [96mNavigating to → https://admin-dotc.alianhub.com/[0m
2026-04-30 17:30:40 │ [92mINFO    [0m │ base_page │ navigate_to:46 │ [96mPage loaded — current URL: https://admin-dotc.alianhub.com/[0m
2026-04-30 17:30:40 │ [92mINFO    [0m │ login_page │ open_login_page:85 │ [96mLogin page loaded successfully[0m
2026-04-30 17:30:40 │ [92mINFO    [0m │ login_page │ login:106 │ [96mPerforming login with email: admin@dotc.com[0m
2026-04-30 17:30:40 │ [92mINFO    [0m │ base_page │ safe_clear_and_fill:97 │ [96mClearing & filling 'Email input'[0m
2026-04-30 17:30:41 │ [92mINFO    [0m │ base_page │ safe_clear_and_fill:97 │ [96mClearing & filling 'Password input'[0m
2026-04-30 17:30:41 │ [92mINFO    [0m │ base_page │ safe_click:84 │ [96mClicking → Continue button[0m
2026-04-30 17:30:41 │ [92mINFO    [0m │ login_page │ wait_for_dashboard:119 │ [96mWaiting for dashboard to load…[0m
2026-04-30 17:30:44 │ [92mINFO    [0m │ login_page │ wait_for_dashboard:130 │ [96mDashboard loaded — URL: https://admin-dotc.alianhub.com/dashboard[0m
2026-04-30 17:30:44 │ [92mINFO    [0m │ conftest │ authenticated_page:218 │ [96mAuthentication complete — page is ready[0m
2026-04-30 17:30:44 │ [92mINFO    [0m │ user_mgmt_page │ navigate_to_user_management:182 │ [96mNavigating to User Management section[0m
2026-04-30 17:30:44 │ [92mINFO    [0m │ base_page │ safe_click:84 │ [96mClicking → User Management sidebar link[0m
2026-04-30 17:30:47 │ DEBUG    │ user_mgmt_page │ _wait_for_table_loaded:692 │ Table is visible and loaded
2026-04-30 17:30:47 │ [92mINFO    [0m │ user_mgmt_page │ navigate_to_user_management:191 │ [96mUser Management page loaded successfully[0m
2026-04-30 17:30:47 │ DEBUG    │ user_mgmt_page │ _wait_for_table_loaded:692 │ Table is visible and loaded
2026-04-30 17:30:49 │ [92mINFO    [0m │ user_mgmt_page │ get_all_user_rows:255 │ [96mParsed 10 user rows[0m
2026-04-30 17:30:49 │ [92mINFO    [0m │ TC-UM-040 │ info:104 │ [96m[Step 01] List page URL: 'https://admin-dotc.alianhub.com/users'[0m
2026-04-30 17:30:49 │ [92mINFO    [0m │ user_mgmt_page │ click_view_user:402 │ [96mClicking View on row index 0[0m
2026-04-30 17:30:55 │ DEBUG    │ user_mgmt_page │ _wait_for_detail_page:731 │ Detail page loaded — 'Back to Members' indicator found
2026-04-30 17:30:55 │ [92mINFO    [0m │ TC-UM-040 │ info:104 │ [96m[Step 02] Detail page URL: 'https://admin-dotc.alianhub.com/users?userId=9213504e-6a49-4cc2-9579-cebc62d6d415'[0m
2026-04-30 17:30:55 │ [92mINFO    [0m │ TC-UM-040 │ passed:107 │ [96m[Step 02] ✅ PASSED — URL changed to: 'https://admin-dotc.alianhub.com/users?userId=9213504e-6a49-4cc2-9579-cebc62d6d415'[0m
2026-04-30 17:31:01 │ [92mINFO    [0m │ conftest │ context:196 │ [96mVideo recorded → reports/videos\test_detail_page_url_changes_chromium_.webm[0m
2026-04-30 17:31:02 │ [92mINFO    [0m │ conftest │ authenticated_page:213 │ [96mAuthenticating as admin@dotc.com[0m
2026-04-30 17:31:02 │ [92mINFO    [0m │ base_page │ navigate_to:43 │ [96mNavigating to → https://admin-dotc.alianhub.com/[0m
2026-04-30 17:31:03 │ [92mINFO    [0m │ base_page │ navigate_to:46 │ [96mPage loaded — current URL: https://admin-dotc.alianhub.com/[0m
2026-04-30 17:31:03 │ [92mINFO    [0m │ login_page │ open_login_page:85 │ [96mLogin page loaded successfully[0m
2026-04-30 17:31:03 │ [92mINFO    [0m │ login_page │ login:106 │ [96mPerforming login with email: admin@dotc.com[0m
2026-04-30 17:31:03 │ [92mINFO    [0m │ base_page │ safe_clear_and_fill:97 │ [96mClearing & filling 'Email input'[0m
2026-04-30 17:31:03 │ [92mINFO    [0m │ base_page │ safe_clear_and_fill:97 │ [96mClearing & filling 'Password input'[0m
2026-04-30 17:31:03 │ [92mINFO    [0m │ base_page │ safe_click:84 │ [96mClicking → Continue button[0m
2026-04-30 17:31:03 │ [92mINFO    [0m │ login_page │ wait_for_dashboard:119 │ [96mWaiting for dashboard to load…[0m
2026-04-30 17:31:05 │ [92mINFO    [0m │ login_page │ wait_for_dashboard:130 │ [96mDashboard loaded — URL: https://admin-dotc.alianhub.com/dashboard[0m
2026-04-30 17:31:05 │ [92mINFO    [0m │ conftest │ authenticated_page:218 │ [96mAuthentication complete — page is ready[0m
2026-04-30 17:31:05 │ [92mINFO    [0m │ user_mgmt_page │ navigate_to_user_management:182 │ [96mNavigating to User Management section[0m
2026-04-30 17:31:05 │ [92mINFO    [0m │ base_page │ safe_click:84 │ [96mClicking → User Management sidebar link[0m
2026-04-30 17:31:09 │ DEBUG    │ user_mgmt_page │ _wait_for_table_loaded:692 │ Table is visible and loaded
2026-04-30 17:31:09 │ [92mINFO    [0m │ user_mgmt_page │ navigate_to_user_management:191 │ [96mUser Management page loaded successfully[0m
2026-04-30 17:31:09 │ DEBUG    │ user_mgmt_page │ _wait_for_table_loaded:692 │ Table is visible and loaded
2026-04-30 17:31:10 │ [92mINFO    [0m │ user_mgmt_page │ get_all_user_rows:255 │ [96mParsed 10 user rows[0m
2026-04-30 17:31:10 │ [92mINFO    [0m │ user_mgmt_page │ click_view_user:402 │ [96mClicking View on row index 0[0m
2026-04-30 17:31:16 │ DEBUG    │ user_mgmt_page │ _wait_for_detail_page:731 │ Detail page loaded — 'Back to Members' indicator found
2026-04-30 17:31:16 │ [92mINFO    [0m │ TC-UM-041 │ info:104 │ [96m[Step 01] Scan detail page for admin action keywords[0m
2026-04-30 17:31:16 │ [92mINFO    [0m │ TC-UM-041 │ info:104 │ [96m[Step 02] Found admin action keywords: ['suspend'][0m
2026-04-30 17:31:16 │ [92mINFO    [0m │ TC-UM-041 │ passed:107 │ [96m[Step 02] ✅ PASSED — Admin actions present on detail page: ['suspend'][0m
2026-04-30 17:31:21 │ [92mINFO    [0m │ conftest │ context:196 │ [96mVideo recorded → reports/videos\test_admin_actions_visible_on_detail_chromium_.webm[0m
2026-04-30 17:31:22 │ [92mINFO    [0m │ conftest │ authenticated_page:213 │ [96mAuthenticating as admin@dotc.com[0m
2026-04-30 17:31:22 │ [92mINFO    [0m │ base_page │ navigate_to:43 │ [96mNavigating to → https://admin-dotc.alianhub.com/[0m
2026-04-30 17:31:24 │ [92mINFO    [0m │ base_page │ navigate_to:46 │ [96mPage loaded — current URL: https://admin-dotc.alianhub.com/[0m
2026-04-30 17:31:24 │ [92mINFO    [0m │ login_page │ open_login_page:85 │ [96mLogin page loaded successfully[0m
2026-04-30 17:31:24 │ [92mINFO    [0m │ login_page │ login:106 │ [96mPerforming login with email: admin@dotc.com[0m
2026-04-30 17:31:24 │ [92mINFO    [0m │ base_page │ safe_clear_and_fill:97 │ [96mClearing & filling 'Email input'[0m
2026-04-30 17:31:24 │ [92mINFO    [0m │ base_page │ safe_clear_and_fill:97 │ [96mClearing & filling 'Password input'[0m
2026-04-30 17:31:24 │ [92mINFO    [0m │ base_page │ safe_click:84 │ [96mClicking → Continue button[0m
2026-04-30 17:31:24 │ [92mINFO    [0m │ login_page │ wait_for_dashboard:119 │ [96mWaiting for dashboard to load…[0m
2026-04-30 17:31:27 │ [92mINFO    [0m │ login_page │ wait_for_dashboard:130 │ [96mDashboard loaded — URL: https://admin-dotc.alianhub.com/dashboard[0m
2026-04-30 17:31:27 │ [92mINFO    [0m │ conftest │ authenticated_page:218 │ [96mAuthentication complete — page is ready[0m
2026-04-30 17:31:27 │ [92mINFO    [0m │ user_mgmt_page │ navigate_to_user_management:182 │ [96mNavigating to User Management section[0m
2026-04-30 17:31:27 │ [92mINFO    [0m │ base_page │ safe_click:84 │ [96mClicking → User Management sidebar link[0m
2026-04-30 17:31:32 │ DEBUG    │ user_mgmt_page │ _wait_for_table_loaded:692 │ Table is visible and loaded
2026-04-30 17:31:32 │ [92mINFO    [0m │ user_mgmt_page │ navigate_to_user_management:191 │ [96mUser Management page loaded successfully[0m
2026-04-30 17:31:32 │ [92mINFO    [0m │ TC-UM-042 │ info:104 │ [96m[Step 01] Apply Active status filter before navigating to detail[0m
2026-04-30 17:31:33 │ [92mINFO    [0m │ user_mgmt_page │ _get_combobox_options:751 │ [96mCombobox[0] options: ['All Status', 'Active', 'Suspended'][0m
2026-04-30 17:31:33 │ [92mINFO    [0m │ user_mgmt_page │ apply_status_filter:272 │ [96mApplying Status filter: 'Active'[0m
2026-04-30 17:31:33 │ [92mINFO    [0m │ user_mgmt_page │ _select_combobox_option:765 │ [96mSelecting combobox[0] → 'Active'[0m
2026-04-30 17:31:36 │ [92mINFO    [0m │ TC-UM-042 │ info:104 │ [96m[Step 02] Applied filter: 'Active'[0m
2026-04-30 17:31:36 │ DEBUG    │ user_mgmt_page │ _wait_for_table_loaded:692 │ Table is visible and loaded
2026-04-30 17:31:37 │ [92mINFO    [0m │ user_mgmt_page │ get_all_user_rows:255 │ [96mParsed 10 user rows[0m
2026-04-30 17:31:37 │ [92mINFO    [0m │ TC-UM-042 │ info:104 │ [96m[Step 03] Navigate to first user detail page[0m
2026-04-30 17:31:37 │ [92mINFO    [0m │ user_mgmt_page │ click_view_user:402 │ [96mClicking View on row index 0[0m
2026-04-30 17:31:43 │ DEBUG    │ user_mgmt_page │ _wait_for_detail_page:731 │ Detail page loaded — 'Back to Members' indicator found
2026-04-30 17:31:43 │ [92mINFO    [0m │ TC-UM-042 │ info:104 │ [96m[Step 04] Navigate back to user list[0m
2026-04-30 17:31:43 │ [92mINFO    [0m │ user_mgmt_page │ go_back_to_list:498 │ [96mNavigating back to user list[0m
2026-04-30 17:31:43 │ [92mINFO    [0m │ base_page │ safe_click:84 │ [96mClicking → Back button[0m
2026-04-30 17:31:43 │ DEBUG    │ user_mgmt_page │ _wait_for_table_loaded:692 │ Table is visible and loaded
2026-04-30 17:31:43 │ [92mINFO    [0m │ TC-UM-042 │ passed:107 │ [96m[Step 04] ✅ PASSED — Back from detail restored the user list table[0m
2026-04-30 17:31:49 │ [92mINFO    [0m │ conftest │ context:196 │ [96mVideo recorded → reports/videos\test_back_from_detail_shows_list_chromium_.webm[0m
2026-04-30 17:31:50 │ [92mINFO    [0m │ conftest │ authenticated_page:213 │ [96mAuthenticating as admin@dotc.com[0m
2026-04-30 17:31:50 │ [92mINFO    [0m │ base_page │ navigate_to:43 │ [96mNavigating to → https://admin-dotc.alianhub.com/[0m
2026-04-30 17:31:51 │ [92mINFO    [0m │ base_page │ navigate_to:46 │ [96mPage loaded — current URL: https://admin-dotc.alianhub.com/[0m
2026-04-30 17:31:51 │ [92mINFO    [0m │ login_page │ open_login_page:85 │ [96mLogin page loaded successfully[0m
2026-04-30 17:31:51 │ [92mINFO    [0m │ login_page │ login:106 │ [96mPerforming login with email: admin@dotc.com[0m
2026-04-30 17:31:51 │ [92mINFO    [0m │ base_page │ safe_clear_and_fill:97 │ [96mClearing & filling 'Email input'[0m
2026-04-30 17:31:51 │ [92mINFO    [0m │ base_page │ safe_clear_and_fill:97 │ [96mClearing & filling 'Password input'[0m
2026-04-30 17:31:51 │ [92mINFO    [0m │ base_page │ safe_click:84 │ [96mClicking → Continue button[0m
2026-04-30 17:31:52 │ [92mINFO    [0m │ login_page │ wait_for_dashboard:119 │ [96mWaiting for dashboard to load…[0m
2026-04-30 17:31:54 │ [92mINFO    [0m │ login_page │ wait_for_dashboard:130 │ [96mDashboard loaded — URL: https://admin-dotc.alianhub.com/dashboard[0m
2026-04-30 17:31:54 │ [92mINFO    [0m │ conftest │ authenticated_page:218 │ [96mAuthentication complete — page is ready[0m
2026-04-30 17:31:54 │ [92mINFO    [0m │ user_mgmt_page │ navigate_to_user_management:182 │ [96mNavigating to User Management section[0m
2026-04-30 17:31:54 │ [92mINFO    [0m │ base_page │ safe_click:84 │ [96mClicking → User Management sidebar link[0m
2026-04-30 17:31:57 │ DEBUG    │ user_mgmt_page │ _wait_for_table_loaded:692 │ Table is visible and loaded
2026-04-30 17:31:57 │ [92mINFO    [0m │ user_mgmt_page │ navigate_to_user_management:191 │ [96mUser Management page loaded successfully[0m
2026-04-30 17:31:57 │ DEBUG    │ user_mgmt_page │ _wait_for_table_loaded:692 │ Table is visible and loaded
2026-04-30 17:31:58 │ [92mINFO    [0m │ user_mgmt_page │ get_all_user_rows:255 │ [96mParsed 10 user rows[0m
2026-04-30 17:31:58 │ [92mINFO    [0m │ TC-UM-043 │ info:104 │ [96m[Step 01] User 1: name='Heloooo

9213504e-6a49-4cc2-9579-cebc62d6d415' | User 2: name='Unnamed User

8736dac1-7a10-4642-a213-2947f23e441d'[0m
2026-04-30 17:31:58 │ [92mINFO    [0m │ TC-UM-043 │ info:104 │ [96m[Step 02] Navigate to first user detail[0m
2026-04-30 17:31:58 │ [92mINFO    [0m │ user_mgmt_page │ click_view_user:402 │ [96mClicking View on row index 0[0m
2026-04-30 17:32:05 │ DEBUG    │ user_mgmt_page │ _wait_for_detail_page:731 │ Detail page loaded — 'Back to Members' indicator found
2026-04-30 17:32:05 │ [92mINFO    [0m │ TC-UM-043 │ info:104 │ [96m[Step 03] Detail 1 — name: 'HELOOOO'[0m
2026-04-30 17:32:05 │ [92mINFO    [0m │ user_mgmt_page │ go_back_to_list:498 │ [96mNavigating back to user list[0m
2026-04-30 17:32:05 │ [92mINFO    [0m │ base_page │ safe_click:84 │ [96mClicking → Back button[0m
2026-04-30 17:32:06 │ DEBUG    │ user_mgmt_page │ _wait_for_table_loaded:692 │ Table is visible and loaded
2026-04-30 17:32:06 │ [92mINFO    [0m │ TC-UM-043 │ info:104 │ [96m[Step 04] Navigate to second user detail[0m
2026-04-30 17:32:06 │ [92mINFO    [0m │ user_mgmt_page │ click_view_user:402 │ [96mClicking View on row index 1[0m
2026-04-30 17:32:11 │ DEBUG    │ user_mgmt_page │ _wait_for_detail_page:731 │ Detail page loaded — 'Back to Members' indicator found
2026-04-30 17:32:11 │ [92mINFO    [0m │ TC-UM-043 │ info:104 │ [96m[Step 05] Detail 2 — name: 'N/A'[0m
2026-04-30 17:32:11 │ [92mINFO    [0m │ TC-UM-043 │ passed:107 │ [96m[Step 05] ✅ PASSED — User 1 detail 'HELOOOO' ≠ User 2 detail 'N/A'[0m
2026-04-30 17:32:21 │ [92mINFO    [0m │ conftest │ context:196 │ [96mVideo recorded → reports/videos\test_different_users_show_different_detail_chromium_.webm[0m
2026-04-30 17:32:22 │ [92mINFO    [0m │ conftest │ authenticated_page:213 │ [96mAuthenticating as admin@dotc.com[0m
2026-04-30 17:32:22 │ [92mINFO    [0m │ base_page │ navigate_to:43 │ [96mNavigating to → https://admin-dotc.alianhub.com/[0m
2026-04-30 17:32:23 │ [92mINFO    [0m │ base_page │ navigate_to:46 │ [96mPage loaded — current URL: https://admin-dotc.alianhub.com/[0m
2026-04-30 17:32:24 │ [92mINFO    [0m │ login_page │ open_login_page:85 │ [96mLogin page loaded successfully[0m
2026-04-30 17:32:24 │ [92mINFO    [0m │ login_page │ login:106 │ [96mPerforming login with email: admin@dotc.com[0m
2026-04-30 17:32:24 │ [92mINFO    [0m │ base_page │ safe_clear_and_fill:97 │ [96mClearing & filling 'Email input'[0m
2026-04-30 17:32:24 │ [92mINFO    [0m │ base_page │ safe_clear_and_fill:97 │ [96mClearing & filling 'Password input'[0m
2026-04-30 17:32:24 │ [92mINFO    [0m │ base_page │ safe_click:84 │ [96mClicking → Continue button[0m
2026-04-30 17:32:24 │ [92mINFO    [0m │ login_page │ wait_for_dashboard:119 │ [96mWaiting for dashboard to load…[0m
2026-04-30 17:32:27 │ [92mINFO    [0m │ login_page │ wait_for_dashboard:130 │ [96mDashboard loaded — URL: https://admin-dotc.alianhub.com/dashboard[0m
2026-04-30 17:32:27 │ [92mINFO    [0m │ conftest │ authenticated_page:218 │ [96mAuthentication complete — page is ready[0m
2026-04-30 17:32:27 │ [92mINFO    [0m │ user_mgmt_page │ navigate_to_user_management:182 │ [96mNavigating to User Management section[0m
2026-04-30 17:32:27 │ [92mINFO    [0m │ base_page │ safe_click:84 │ [96mClicking → User Management sidebar link[0m
2026-04-30 17:32:32 │ DEBUG    │ user_mgmt_page │ _wait_for_table_loaded:692 │ Table is visible and loaded
2026-04-30 17:32:32 │ [92mINFO    [0m │ user_mgmt_page │ navigate_to_user_management:191 │ [96mUser Management page loaded successfully[0m
2026-04-30 17:32:32 │ [92mINFO    [0m │ TC-UM-020 │ info:104 │ [96m[Step 01] Searching: '!@#$%^&*()'[0m
2026-04-30 17:32:32 │ [92mINFO    [0m │ user_mgmt_page │ search_users:362 │ [96mSearching for: '!@#$%^&*()'[0m
2026-04-30 17:32:32 │ [92mINFO    [0m │ base_page │ safe_clear_and_fill:97 │ [96mClearing & filling 'Search input'[0m
2026-04-30 17:32:35 │ [92mINFO    [0m │ user_mgmt_page │ clear_search:370 │ [96mClearing search input[0m
2026-04-30 17:32:37 │ [92mINFO    [0m │ TC-UM-020 │ info:104 │ [96m[Step 02] Searching: '<script>alert(1)</script>'[0m
2026-04-30 17:32:37 │ [92mINFO    [0m │ user_mgmt_page │ search_users:362 │ [96mSearching for: '<script>alert(1)</script>'[0m
2026-04-30 17:32:37 │ [92mINFO    [0m │ base_page │ safe_clear_and_fill:97 │ [96mClearing & filling 'Search input'[0m
2026-04-30 17:32:40 │ [92mINFO    [0m │ user_mgmt_page │ clear_search:370 │ [96mClearing search input[0m
2026-04-30 17:32:42 │ [92mINFO    [0m │ TC-UM-020 │ info:104 │ [96m[Step 03] Searching: ''; DROP TABLE users; --'[0m
2026-04-30 17:32:42 │ [92mINFO    [0m │ user_mgmt_page │ search_users:362 │ [96mSearching for: ''; DROP TABLE users; --'[0m
2026-04-30 17:32:42 │ [92mINFO    [0m │ base_page │ safe_clear_and_fill:97 │ [96mClearing & filling 'Search input'[0m
2026-04-30 17:32:43 │ [92mINFO    [0m │ user_mgmt_page │ clear_search:370 │ [96mClearing search input[0m
2026-04-30 17:32:45 │ [92mINFO    [0m │ TC-UM-020 │ info:104 │ [96m[Step 04] Searching: '   '[0m
2026-04-30 17:32:45 │ [92mINFO    [0m │ user_mgmt_page │ search_users:362 │ [96mSearching for: '   '[0m
2026-04-30 17:32:45 │ [92mINFO    [0m │ base_page │ safe_clear_and_fill:97 │ [96mClearing & filling 'Search input'[0m
2026-04-30 17:32:48 │ [92mINFO    [0m │ user_mgmt_page │ clear_search:370 │ [96mClearing search input[0m
2026-04-30 17:32:50 │ [92mINFO    [0m │ TC-UM-020 │ passed:107 │ [96m[Step 04] ✅ PASSED — All special character searches handled without crash[0m
2026-04-30 17:32:58 │ [92mINFO    [0m │ conftest │ context:196 │ [96mVideo recorded → reports/videos\test_special_chars_search_chromium_.webm[0m
2026-04-30 17:32:58 │ [92mINFO    [0m │ conftest │ authenticated_page:213 │ [96mAuthenticating as admin@dotc.com[0m
2026-04-30 17:32:58 │ [92mINFO    [0m │ base_page │ navigate_to:43 │ [96mNavigating to → https://admin-dotc.alianhub.com/[0m
2026-04-30 17:32:59 │ [92mINFO    [0m │ base_page │ navigate_to:46 │ [96mPage loaded — current URL: https://admin-dotc.alianhub.com/[0m
2026-04-30 17:32:59 │ [92mINFO    [0m │ login_page │ open_login_page:85 │ [96mLogin page loaded successfully[0m
2026-04-30 17:32:59 │ [92mINFO    [0m │ login_page │ login:106 │ [96mPerforming login with email: admin@dotc.com[0m
2026-04-30 17:32:59 │ [92mINFO    [0m │ base_page │ safe_clear_and_fill:97 │ [96mClearing & filling 'Email input'[0m
2026-04-30 17:32:59 │ [92mINFO    [0m │ base_page │ safe_clear_and_fill:97 │ [96mClearing & filling 'Password input'[0m
2026-04-30 17:33:00 │ [92mINFO    [0m │ base_page │ safe_click:84 │ [96mClicking → Continue button[0m
2026-04-30 17:33:00 │ [92mINFO    [0m │ login_page │ wait_for_dashboard:119 │ [96mWaiting for dashboard to load…[0m
2026-04-30 17:33:02 │ [92mINFO    [0m │ login_page │ wait_for_dashboard:130 │ [96mDashboard loaded — URL: https://admin-dotc.alianhub.com/dashboard[0m
2026-04-30 17:33:02 │ [92mINFO    [0m │ conftest │ authenticated_page:218 │ [96mAuthentication complete — page is ready[0m
2026-04-30 17:33:02 │ [92mINFO    [0m │ user_mgmt_page │ navigate_to_user_management:182 │ [96mNavigating to User Management section[0m
2026-04-30 17:33:02 │ [92mINFO    [0m │ base_page │ safe_click:84 │ [96mClicking → User Management sidebar link[0m
2026-04-30 17:33:07 │ DEBUG    │ user_mgmt_page │ _wait_for_table_loaded:692 │ Table is visible and loaded
2026-04-30 17:33:07 │ [92mINFO    [0m │ user_mgmt_page │ navigate_to_user_management:191 │ [96mUser Management page loaded successfully[0m
2026-04-30 17:33:07 │ [92mINFO    [0m │ TC-UM-021 │ info:104 │ [96m[Step 01] Entering a 500-character search string[0m
2026-04-30 17:33:07 │ [92mINFO    [0m │ user_mgmt_page │ search_users:362 │ [96mSearching for: 'aaaaaaaaaaaaaaaaaaaaaaaaaaaaaaaaaaaaaaaaaaaaaaaaaaaaaaaaaaaaaaaaaaaaaaaaaaaaaaaaaaaaaaaaaaaaaaaaaaaaaaaaaaaaaaaaaaaaaaaaaaaaaaaaaaaaaaaaaaaaaaaaaaaaaaaaaaaaaaaaaaaaaaaaaaaaaaaaaaaaaaaaaaaaaaaaaaaaaaaaaaaaaaaaaaaaaaaaaaaaaaaaaaaaaaaaaaaaaaaaaaaaaaaaaaaaaaaaaaaaaaaaaaaaaaaaaaaaaaaaaaaaaaaaaaaaaaaaaaaaaaaaaaaaaaaaaaaaaaaaaaaaaaaaaaaaaaaaaaaaaaaaaaaaaaaaaaaaaaaaaaaaaaaaaaaaaaaaaaaaaaaaaaaaaaaaaaaaaaaaaaaaaaaaaaaaaaaaaaaaaaaaaaaaaaaaaaaaaaaaaaaaaaaaaaaaaaaaaaaaaaaaaaaaaaaaaaaaaaaaaaaaaaaaaaaaaaaaaaaa'[0m
2026-04-30 17:33:07 │ [92mINFO    [0m │ base_page │ safe_clear_and_fill:97 │ [96mClearing & filling 'Search input'[0m
2026-04-30 17:33:10 │ [92mINFO    [0m │ user_mgmt_page │ clear_search:370 │ [96mClearing search input[0m
2026-04-30 17:33:12 │ [92mINFO    [0m │ TC-UM-021 │ passed:107 │ [96m[Step 01] ✅ PASSED — Long search string handled gracefully[0m
2026-04-30 17:33:16 │ [92mINFO    [0m │ conftest │ context:196 │ [96mVideo recorded → reports/videos\test_long_search_string_chromium_.webm[0m
2026-04-30 17:33:17 │ [92mINFO    [0m │ conftest │ authenticated_page:213 │ [96mAuthenticating as admin@dotc.com[0m
2026-04-30 17:33:17 │ [92mINFO    [0m │ base_page │ navigate_to:43 │ [96mNavigating to → https://admin-dotc.alianhub.com/[0m
2026-04-30 17:33:17 │ [92mINFO    [0m │ base_page │ navigate_to:46 │ [96mPage loaded — current URL: https://admin-dotc.alianhub.com/[0m
2026-04-30 17:33:18 │ [92mINFO    [0m │ login_page │ open_login_page:85 │ [96mLogin page loaded successfully[0m
2026-04-30 17:33:18 │ [92mINFO    [0m │ login_page │ login:106 │ [96mPerforming login with email: admin@dotc.com[0m
2026-04-30 17:33:18 │ [92mINFO    [0m │ base_page │ safe_clear_and_fill:97 │ [96mClearing & filling 'Email input'[0m
2026-04-30 17:33:18 │ [92mINFO    [0m │ base_page │ safe_clear_and_fill:97 │ [96mClearing & filling 'Password input'[0m
2026-04-30 17:33:18 │ [92mINFO    [0m │ base_page │ safe_click:84 │ [96mClicking → Continue button[0m
2026-04-30 17:33:18 │ [92mINFO    [0m │ login_page │ wait_for_dashboard:119 │ [96mWaiting for dashboard to load…[0m
2026-04-30 17:33:21 │ [92mINFO    [0m │ login_page │ wait_for_dashboard:130 │ [96mDashboard loaded — URL: https://admin-dotc.alianhub.com/dashboard[0m
2026-04-30 17:33:21 │ [92mINFO    [0m │ conftest │ authenticated_page:218 │ [96mAuthentication complete — page is ready[0m
2026-04-30 17:33:21 │ [92mINFO    [0m │ user_mgmt_page │ navigate_to_user_management:182 │ [96mNavigating to User Management section[0m
2026-04-30 17:33:21 │ [92mINFO    [0m │ base_page │ safe_click:84 │ [96mClicking → User Management sidebar link[0m
2026-04-30 17:33:26 │ DEBUG    │ user_mgmt_page │ _wait_for_table_loaded:692 │ Table is visible and loaded
2026-04-30 17:33:26 │ [92mINFO    [0m │ user_mgmt_page │ navigate_to_user_management:191 │ [96mUser Management page loaded successfully[0m
2026-04-30 17:33:27 │ [92mINFO    [0m │ user_mgmt_page │ _get_combobox_options:751 │ [96mCombobox[0] options: ['All Status', 'Active', 'Suspended'][0m
2026-04-30 17:33:27 │ [92mINFO    [0m │ TC-UM-022 │ info:104 │ [96m[Step 01] Rapidly switch between filter options[0m
2026-04-30 17:33:27 │ [92mINFO    [0m │ user_mgmt_page │ apply_status_filter:272 │ [96mApplying Status filter: 'All Status'[0m
2026-04-30 17:33:27 │ [92mINFO    [0m │ user_mgmt_page │ _select_combobox_option:765 │ [96mSelecting combobox[0] → 'All Status'[0m
2026-04-30 17:33:30 │ [92mINFO    [0m │ user_mgmt_page │ apply_status_filter:272 │ [96mApplying Status filter: 'Active'[0m
2026-04-30 17:33:30 │ [92mINFO    [0m │ user_mgmt_page │ _select_combobox_option:765 │ [96mSelecting combobox[0] → 'Active'[0m
2026-04-30 17:33:33 │ [92mINFO    [0m │ user_mgmt_page │ apply_status_filter:272 │ [96mApplying Status filter: 'Suspended'[0m
2026-04-30 17:33:33 │ [92mINFO    [0m │ user_mgmt_page │ _select_combobox_option:765 │ [96mSelecting combobox[0] → 'Suspended'[0m
2026-04-30 17:33:36 │ [92mINFO    [0m │ TC-UM-022 │ info:104 │ [96m[Step 02] Verify page is still functional[0m
2026-04-30 17:33:36 │ [92mINFO    [0m │ TC-UM-022 │ passed:107 │ [96m[Step 02] ✅ PASSED — Rapid filter switching did not break the page[0m
2026-04-30 17:33:41 │ [92mINFO    [0m │ conftest │ context:196 │ [96mVideo recorded → reports/videos\test_rapid_filter_switching_chromium_.webm[0m
2026-04-30 17:33:42 │ [92mINFO    [0m │ conftest │ authenticated_page:213 │ [96mAuthenticating as admin@dotc.com[0m
2026-04-30 17:33:42 │ [92mINFO    [0m │ base_page │ navigate_to:43 │ [96mNavigating to → https://admin-dotc.alianhub.com/[0m
2026-04-30 17:33:43 │ [92mINFO    [0m │ base_page │ navigate_to:46 │ [96mPage loaded — current URL: https://admin-dotc.alianhub.com/[0m
2026-04-30 17:33:43 │ [92mINFO    [0m │ login_page │ open_login_page:85 │ [96mLogin page loaded successfully[0m
2026-04-30 17:33:43 │ [92mINFO    [0m │ login_page │ login:106 │ [96mPerforming login with email: admin@dotc.com[0m
2026-04-30 17:33:43 │ [92mINFO    [0m │ base_page │ safe_clear_and_fill:97 │ [96mClearing & filling 'Email input'[0m
2026-04-30 17:33:43 │ [92mINFO    [0m │ base_page │ safe_clear_and_fill:97 │ [96mClearing & filling 'Password input'[0m
2026-04-30 17:33:43 │ [92mINFO    [0m │ base_page │ safe_click:84 │ [96mClicking → Continue button[0m
2026-04-30 17:33:43 │ [92mINFO    [0m │ login_page │ wait_for_dashboard:119 │ [96mWaiting for dashboard to load…[0m
2026-04-30 17:33:46 │ [92mINFO    [0m │ login_page │ wait_for_dashboard:130 │ [96mDashboard loaded — URL: https://admin-dotc.alianhub.com/dashboard[0m
2026-04-30 17:33:46 │ [92mINFO    [0m │ conftest │ authenticated_page:218 │ [96mAuthentication complete — page is ready[0m
2026-04-30 17:33:46 │ [92mINFO    [0m │ user_mgmt_page │ navigate_to_user_management:182 │ [96mNavigating to User Management section[0m
2026-04-30 17:33:46 │ [92mINFO    [0m │ base_page │ safe_click:84 │ [96mClicking → User Management sidebar link[0m
2026-04-30 17:33:50 │ DEBUG    │ user_mgmt_page │ _wait_for_table_loaded:692 │ Table is visible and loaded
2026-04-30 17:33:50 │ [92mINFO    [0m │ user_mgmt_page │ navigate_to_user_management:191 │ [96mUser Management page loaded successfully[0m
2026-04-30 17:33:50 │ DEBUG    │ user_mgmt_page │ _wait_for_table_loaded:692 │ Table is visible and loaded
2026-04-30 17:33:50 │ [92mINFO    [0m │ user_mgmt_page │ get_table_row_count:233 │ [96mVisible table rows: 10[0m
2026-04-30 17:33:50 │ [92mINFO    [0m │ TC-UM-034 │ info:104 │ [96m[Step 01] Visible rows on current page: 10[0m
2026-04-30 17:33:50 │ [92mINFO    [0m │ TC-UM-034 │ info:104 │ [96m[Step 02] Pagination component visible: True[0m
2026-04-30 17:33:50 │ [92mINFO    [0m │ TC-UM-034 │ passed:107 │ [96m[Step 02] ✅ PASSED — Pagination component is present and visible[0m
2026-04-30 17:33:53 │ [92mINFO    [0m │ conftest │ context:196 │ [96mVideo recorded → reports/videos\test_pagination_visible_chromium_.webm[0m
2026-04-30 17:33:53 │ [92mINFO    [0m │ conftest │ authenticated_page:213 │ [96mAuthenticating as admin@dotc.com[0m
2026-04-30 17:33:53 │ [92mINFO    [0m │ base_page │ navigate_to:43 │ [96mNavigating to → https://admin-dotc.alianhub.com/[0m
2026-04-30 17:33:55 │ [92mINFO    [0m │ base_page │ navigate_to:46 │ [96mPage loaded — current URL: https://admin-dotc.alianhub.com/[0m
2026-04-30 17:33:55 │ [92mINFO    [0m │ login_page │ open_login_page:85 │ [96mLogin page loaded successfully[0m
2026-04-30 17:33:55 │ [92mINFO    [0m │ login_page │ login:106 │ [96mPerforming login with email: admin@dotc.com[0m
2026-04-30 17:33:55 │ [92mINFO    [0m │ base_page │ safe_clear_and_fill:97 │ [96mClearing & filling 'Email input'[0m
2026-04-30 17:33:55 │ [92mINFO    [0m │ base_page │ safe_clear_and_fill:97 │ [96mClearing & filling 'Password input'[0m
2026-04-30 17:33:55 │ [92mINFO    [0m │ base_page │ safe_click:84 │ [96mClicking → Continue button[0m
2026-04-30 17:33:56 │ [92mINFO    [0m │ login_page │ wait_for_dashboard:119 │ [96mWaiting for dashboard to load…[0m
2026-04-30 17:33:58 │ [92mINFO    [0m │ login_page │ wait_for_dashboard:130 │ [96mDashboard loaded — URL: https://admin-dotc.alianhub.com/dashboard[0m
2026-04-30 17:33:58 │ [92mINFO    [0m │ conftest │ authenticated_page:218 │ [96mAuthentication complete — page is ready[0m
2026-04-30 17:33:58 │ [92mINFO    [0m │ user_mgmt_page │ navigate_to_user_management:182 │ [96mNavigating to User Management section[0m
2026-04-30 17:33:58 │ [92mINFO    [0m │ base_page │ safe_click:84 │ [96mClicking → User Management sidebar link[0m
2026-04-30 17:34:03 │ DEBUG    │ user_mgmt_page │ _wait_for_table_loaded:692 │ Table is visible and loaded
2026-04-30 17:34:03 │ [92mINFO    [0m │ user_mgmt_page │ navigate_to_user_management:191 │ [96mUser Management page loaded successfully[0m
2026-04-30 17:34:03 │ [92mINFO    [0m │ TC-UM-035 │ info:104 │ [96m[Step 01] Snapshot rows on page 1[0m
2026-04-30 17:34:03 │ DEBUG    │ user_mgmt_page │ _wait_for_table_loaded:692 │ Table is visible and loaded
2026-04-30 17:34:03 │ [92mINFO    [0m │ user_mgmt_page │ get_all_user_rows:255 │ [96mParsed 10 user rows[0m
2026-04-30 17:34:03 │ [92mINFO    [0m │ TC-UM-035 │ info:104 │ [96m[Step 02] Click Next page[0m
2026-04-30 17:34:06 │ DEBUG    │ user_mgmt_page │ _wait_for_table_loaded:692 │ Table is visible and loaded
2026-04-30 17:34:06 │ [92mINFO    [0m │ user_mgmt_page │ get_all_user_rows:255 │ [96mParsed 10 user rows[0m
2026-04-30 17:34:06 │ DEBUG    │ user_mgmt_page │ _wait_for_table_loaded:692 │ Table is visible and loaded
2026-04-30 17:34:06 │ [92mINFO    [0m │ user_mgmt_page │ get_table_row_count:233 │ [96mVisible table rows: 10[0m
2026-04-30 17:34:06 │ [92mINFO    [0m │ TC-UM-035 │ passed:107 │ [96m[Step 02] ✅ PASSED — Next page loaded successfully with 10 rows[0m
2026-04-30 17:34:09 │ [92mINFO    [0m │ conftest │ context:196 │ [96mVideo recorded → reports/videos\test_pagination_next_page_chromium_.webm[0m
2026-04-30 17:34:10 │ [92mINFO    [0m │ conftest │ authenticated_page:213 │ [96mAuthenticating as admin@dotc.com[0m
2026-04-30 17:34:10 │ [92mINFO    [0m │ base_page │ navigate_to:43 │ [96mNavigating to → https://admin-dotc.alianhub.com/[0m
2026-04-30 17:34:11 │ [92mINFO    [0m │ base_page │ navigate_to:46 │ [96mPage loaded — current URL: https://admin-dotc.alianhub.com/[0m
2026-04-30 17:34:11 │ [92mINFO    [0m │ login_page │ open_login_page:85 │ [96mLogin page loaded successfully[0m
2026-04-30 17:34:11 │ [92mINFO    [0m │ login_page │ login:106 │ [96mPerforming login with email: admin@dotc.com[0m
2026-04-30 17:34:11 │ [92mINFO    [0m │ base_page │ safe_clear_and_fill:97 │ [96mClearing & filling 'Email input'[0m
2026-04-30 17:34:11 │ [92mINFO    [0m │ base_page │ safe_clear_and_fill:97 │ [96mClearing & filling 'Password input'[0m
2026-04-30 17:34:11 │ [92mINFO    [0m │ base_page │ safe_click:84 │ [96mClicking → Continue button[0m
2026-04-30 17:34:11 │ [92mINFO    [0m │ login_page │ wait_for_dashboard:119 │ [96mWaiting for dashboard to load…[0m
2026-04-30 17:34:13 │ [92mINFO    [0m │ login_page │ wait_for_dashboard:130 │ [96mDashboard loaded — URL: https://admin-dotc.alianhub.com/dashboard[0m
2026-04-30 17:34:13 │ [92mINFO    [0m │ conftest │ authenticated_page:218 │ [96mAuthentication complete — page is ready[0m
2026-04-30 17:34:13 │ [92mINFO    [0m │ user_mgmt_page │ navigate_to_user_management:182 │ [96mNavigating to User Management section[0m
2026-04-30 17:34:13 │ [92mINFO    [0m │ base_page │ safe_click:84 │ [96mClicking → User Management sidebar link[0m
2026-04-30 17:34:14 │ DEBUG    │ user_mgmt_page │ _wait_for_table_loaded:692 │ Table is visible and loaded
2026-04-30 17:34:14 │ [92mINFO    [0m │ user_mgmt_page │ navigate_to_user_management:191 │ [96mUser Management page loaded successfully[0m
2026-04-30 17:34:16 │ [92mINFO    [0m │ conftest │ context:196 │ [96mVideo recorded → reports/videos\test_pagination_prev_page_chromium_.webm[0m
2026-04-30 17:34:17 │ [92mINFO    [0m │ conftest │ authenticated_page:213 │ [96mAuthenticating as admin@dotc.com[0m
2026-04-30 17:34:17 │ [92mINFO    [0m │ base_page │ navigate_to:43 │ [96mNavigating to → https://admin-dotc.alianhub.com/[0m
2026-04-30 17:34:18 │ [92mINFO    [0m │ base_page │ navigate_to:46 │ [96mPage loaded — current URL: https://admin-dotc.alianhub.com/[0m
2026-04-30 17:34:18 │ [92mINFO    [0m │ login_page │ open_login_page:85 │ [96mLogin page loaded successfully[0m
2026-04-30 17:34:18 │ [92mINFO    [0m │ login_page │ login:106 │ [96mPerforming login with email: admin@dotc.com[0m
2026-04-30 17:34:18 │ [92mINFO    [0m │ base_page │ safe_clear_and_fill:97 │ [96mClearing & filling 'Email input'[0m
2026-04-30 17:34:18 │ [92mINFO    [0m │ base_page │ safe_clear_and_fill:97 │ [96mClearing & filling 'Password input'[0m
2026-04-30 17:34:19 │ [92mINFO    [0m │ base_page │ safe_click:84 │ [96mClicking → Continue button[0m
2026-04-30 17:34:19 │ [92mINFO    [0m │ login_page │ wait_for_dashboard:119 │ [96mWaiting for dashboard to load…[0m
2026-04-30 17:34:21 │ [92mINFO    [0m │ login_page │ wait_for_dashboard:130 │ [96mDashboard loaded — URL: https://admin-dotc.alianhub.com/dashboard[0m
2026-04-30 17:34:21 │ [92mINFO    [0m │ conftest │ authenticated_page:218 │ [96mAuthentication complete — page is ready[0m
2026-04-30 17:34:21 │ [92mINFO    [0m │ user_mgmt_page │ navigate_to_user_management:182 │ [96mNavigating to User Management section[0m
2026-04-30 17:34:21 │ [92mINFO    [0m │ base_page │ safe_click:84 │ [96mClicking → User Management sidebar link[0m
2026-04-30 17:34:25 │ DEBUG    │ user_mgmt_page │ _wait_for_table_loaded:692 │ Table is visible and loaded
2026-04-30 17:34:25 │ [92mINFO    [0m │ user_mgmt_page │ navigate_to_user_management:191 │ [96mUser Management page loaded successfully[0m
2026-04-30 17:34:25 │ [92mINFO    [0m │ TC-UM-044 │ info:104 │ [96m[Step 01] Check computed cursor style on Status filter combobox[0m
2026-04-30 17:34:25 │ [92mINFO    [0m │ TC-UM-044 │ info:104 │ [96m[Step 02] Status combobox cursor: 'default'[0m
2026-04-30 17:34:25 │ [92mINFO    [0m │ TC-UM-044 │ info:104 │ [96m[Step 03] Check computed cursor style on Dating Mode filter combobox[0m
2026-04-30 17:34:25 │ [92mINFO    [0m │ TC-UM-044 │ info:104 │ [96m[Step 04] Dating Mode combobox cursor: 'default'[0m
2026-04-30 17:34:26 │ [93mWARNING [0m │ conftest │ pytest_runtest_makereport:260 │ [96mFailure screenshot captured and attached: test_filter_dropdown_cursor_is_pointer[chromium][0m
2026-04-30 17:34:26 │ [92mINFO    [0m │ bug_reporter │ report_bug_on_failure:209 │ [96mCreating bug report for failed test: UNKNOWN[0m
2026-04-30 17:34:26 │ [92mINFO    [0m │ bug_reporter │ save_bug_report:121 │ [96mBug report saved: reports\bugs\BUG_UNKNOWN_20260430_173426.json[0m
2026-04-30 17:34:32 │ [92mINFO    [0m │ bug_reporter │ send_bug_email:193 │ [96mBug report email sent to: ['aliantest236@gmail.com'][0m
2026-04-30 17:34:36 │ [92mINFO    [0m │ conftest │ context:196 │ [96mVideo recorded → reports/videos\test_filter_dropdown_cursor_is_pointer_chromium_.webm[0m
2026-04-30 17:34:37 │ [92mINFO    [0m │ conftest │ authenticated_page:213 │ [96mAuthenticating as admin@dotc.com[0m
2026-04-30 17:34:37 │ [92mINFO    [0m │ base_page │ navigate_to:43 │ [96mNavigating to → https://admin-dotc.alianhub.com/[0m
2026-04-30 17:34:37 │ [92mINFO    [0m │ base_page │ navigate_to:46 │ [96mPage loaded — current URL: https://admin-dotc.alianhub.com/[0m
2026-04-30 17:34:38 │ [92mINFO    [0m │ login_page │ open_login_page:85 │ [96mLogin page loaded successfully[0m
2026-04-30 17:34:38 │ [92mINFO    [0m │ login_page │ login:106 │ [96mPerforming login with email: admin@dotc.com[0m
2026-04-30 17:34:38 │ [92mINFO    [0m │ base_page │ safe_clear_and_fill:97 │ [96mClearing & filling 'Email input'[0m
2026-04-30 17:34:38 │ [92mINFO    [0m │ base_page │ safe_clear_and_fill:97 │ [96mClearing & filling 'Password input'[0m
2026-04-30 17:34:38 │ [92mINFO    [0m │ base_page │ safe_click:84 │ [96mClicking → Continue button[0m
2026-04-30 17:34:38 │ [92mINFO    [0m │ login_page │ wait_for_dashboard:119 │ [96mWaiting for dashboard to load…[0m
2026-04-30 17:34:41 │ [92mINFO    [0m │ login_page │ wait_for_dashboard:130 │ [96mDashboard loaded — URL: https://admin-dotc.alianhub.com/dashboard[0m
2026-04-30 17:34:41 │ [92mINFO    [0m │ conftest │ authenticated_page:218 │ [96mAuthentication complete — page is ready[0m
2026-04-30 17:34:41 │ [92mINFO    [0m │ user_mgmt_page │ navigate_to_user_management:182 │ [96mNavigating to User Management section[0m
2026-04-30 17:34:41 │ [92mINFO    [0m │ base_page │ safe_click:84 │ [96mClicking → User Management sidebar link[0m
2026-04-30 17:34:45 │ DEBUG    │ user_mgmt_page │ _wait_for_table_loaded:692 │ Table is visible and loaded
2026-04-30 17:34:45 │ [92mINFO    [0m │ user_mgmt_page │ navigate_to_user_management:191 │ [96mUser Management page loaded successfully[0m
2026-04-30 17:34:45 │ [92mINFO    [0m │ TC-UM-045 │ info:104 │ [96m[Step 01] Apply Dating Mode → Inactive filter (expects 0 results per bug report)[0m
2026-04-30 17:34:47 │ [92mINFO    [0m │ user_mgmt_page │ _get_combobox_options:751 │ [96mCombobox[1] options: ['All Dating Modes', 'Dating Mode Active', 'Dating Mode Inactive'][0m
2026-04-30 17:34:47 │ [92mINFO    [0m │ user_mgmt_page │ apply_dating_mode_filter:292 │ [96mApplying Dating Mode filter: 'Dating Mode Inactive'[0m
2026-04-30 17:34:47 │ [92mINFO    [0m │ user_mgmt_page │ _select_combobox_option:765 │ [96mSelecting combobox[1] → 'Dating Mode Inactive'[0m
2026-04-30 17:34:50 │ DEBUG    │ user_mgmt_page │ _wait_for_table_loaded:692 │ Table is visible and loaded
2026-04-30 17:34:50 │ [92mINFO    [0m │ user_mgmt_page │ get_table_row_count:233 │ [96mVisible table rows: 10[0m
2026-04-30 17:34:50 │ [92mINFO    [0m │ TC-UM-045 │ info:104 │ [96m[Step 02] Rows: 10, no-data message: False[0m
2026-04-30 17:34:52 │ [92mINFO    [0m │ conftest │ context:196 │ [96mVideo recorded → reports/videos\test_no_count_summary_when_filter_has_no_results_chromium_.webm[0m
2026-04-30 17:34:53 │ [92mINFO    [0m │ conftest │ authenticated_page:213 │ [96mAuthenticating as admin@dotc.com[0m
2026-04-30 17:34:53 │ [92mINFO    [0m │ base_page │ navigate_to:43 │ [96mNavigating to → https://admin-dotc.alianhub.com/[0m
2026-04-30 17:34:55 │ [92mINFO    [0m │ base_page │ navigate_to:46 │ [96mPage loaded — current URL: https://admin-dotc.alianhub.com/[0m
2026-04-30 17:34:55 │ [92mINFO    [0m │ login_page │ open_login_page:85 │ [96mLogin page loaded successfully[0m
2026-04-30 17:34:55 │ [92mINFO    [0m │ login_page │ login:106 │ [96mPerforming login with email: admin@dotc.com[0m
2026-04-30 17:34:55 │ [92mINFO    [0m │ base_page │ safe_clear_and_fill:97 │ [96mClearing & filling 'Email input'[0m
2026-04-30 17:34:55 │ [92mINFO    [0m │ base_page │ safe_clear_and_fill:97 │ [96mClearing & filling 'Password input'[0m
2026-04-30 17:34:56 │ [92mINFO    [0m │ base_page │ safe_click:84 │ [96mClicking → Continue button[0m
2026-04-30 17:34:56 │ [92mINFO    [0m │ login_page │ wait_for_dashboard:119 │ [96mWaiting for dashboard to load…[0m
2026-04-30 17:35:00 │ [92mINFO    [0m │ login_page │ wait_for_dashboard:130 │ [96mDashboard loaded — URL: https://admin-dotc.alianhub.com/dashboard[0m
2026-04-30 17:35:00 │ [92mINFO    [0m │ conftest │ authenticated_page:218 │ [96mAuthentication complete — page is ready[0m
2026-04-30 17:35:00 │ [92mINFO    [0m │ user_mgmt_page │ navigate_to_user_management:182 │ [96mNavigating to User Management section[0m
2026-04-30 17:35:00 │ [92mINFO    [0m │ base_page │ safe_click:84 │ [96mClicking → User Management sidebar link[0m
2026-04-30 17:35:04 │ DEBUG    │ user_mgmt_page │ _wait_for_table_loaded:692 │ Table is visible and loaded
2026-04-30 17:35:04 │ [92mINFO    [0m │ user_mgmt_page │ navigate_to_user_management:191 │ [96mUser Management page loaded successfully[0m
2026-04-30 17:35:04 │ [92mINFO    [0m │ TC-UM-046 │ info:104 │ [96m[Step 01] Actual placeholder: 'Filter by location...'[0m
2026-04-30 17:35:05 │ [93mWARNING [0m │ conftest │ pytest_runtest_makereport:260 │ [96mFailure screenshot captured and attached: test_location_filter_placeholder_text[chromium][0m
2026-04-30 17:35:05 │ [92mINFO    [0m │ bug_reporter │ report_bug_on_failure:209 │ [96mCreating bug report for failed test: UNKNOWN[0m
2026-04-30 17:35:05 │ [92mINFO    [0m │ bug_reporter │ save_bug_report:121 │ [96mBug report saved: reports\bugs\BUG_UNKNOWN_20260430_173505.json[0m
2026-04-30 17:35:11 │ [92mINFO    [0m │ bug_reporter │ send_bug_email:193 │ [96mBug report email sent to: ['aliantest236@gmail.com'][0m
2026-04-30 17:35:16 │ [92mINFO    [0m │ conftest │ context:196 │ [96mVideo recorded → reports/videos\test_location_filter_placeholder_text_chromium_.webm[0m
2026-04-30 17:35:16 │ [92mINFO    [0m │ conftest │ authenticated_page:213 │ [96mAuthenticating as admin@dotc.com[0m
2026-04-30 17:35:16 │ [92mINFO    [0m │ base_page │ navigate_to:43 │ [96mNavigating to → https://admin-dotc.alianhub.com/[0m
2026-04-30 17:35:17 │ [92mINFO    [0m │ base_page │ navigate_to:46 │ [96mPage loaded — current URL: https://admin-dotc.alianhub.com/[0m
2026-04-30 17:35:17 │ [92mINFO    [0m │ login_page │ open_login_page:85 │ [96mLogin page loaded successfully[0m
2026-04-30 17:35:17 │ [92mINFO    [0m │ login_page │ login:106 │ [96mPerforming login with email: admin@dotc.com[0m
2026-04-30 17:35:17 │ [92mINFO    [0m │ base_page │ safe_clear_and_fill:97 │ [96mClearing & filling 'Email input'[0m
2026-04-30 17:35:18 │ [92mINFO    [0m │ base_page │ safe_clear_and_fill:97 │ [96mClearing & filling 'Password input'[0m
2026-04-30 17:35:18 │ [92mINFO    [0m │ base_page │ safe_click:84 │ [96mClicking → Continue button[0m
2026-04-30 17:35:18 │ [92mINFO    [0m │ login_page │ wait_for_dashboard:119 │ [96mWaiting for dashboard to load…[0m
2026-04-30 17:35:20 │ [92mINFO    [0m │ login_page │ wait_for_dashboard:130 │ [96mDashboard loaded — URL: https://admin-dotc.alianhub.com/dashboard[0m
2026-04-30 17:35:20 │ [92mINFO    [0m │ conftest │ authenticated_page:218 │ [96mAuthentication complete — page is ready[0m
2026-04-30 17:35:20 │ [92mINFO    [0m │ user_mgmt_page │ navigate_to_user_management:182 │ [96mNavigating to User Management section[0m
2026-04-30 17:35:20 │ [92mINFO    [0m │ base_page │ safe_click:84 │ [96mClicking → User Management sidebar link[0m
2026-04-30 17:35:25 │ DEBUG    │ user_mgmt_page │ _wait_for_table_loaded:692 │ Table is visible and loaded
2026-04-30 17:35:25 │ [92mINFO    [0m │ user_mgmt_page │ navigate_to_user_management:191 │ [96mUser Management page loaded successfully[0m
2026-04-30 17:35:25 │ DEBUG    │ user_mgmt_page │ get_page_subtitle:603 │ Subtitle from '[class*="text-muted-foreground"]': 'All Status'
2026-04-30 17:35:25 │ [92mINFO    [0m │ TC-UM-047 │ info:104 │ [96m[Step 01] Actual subtitle: 'All Status'[0m
2026-04-30 17:35:25 │ [92mINFO    [0m │ TC-UM-047 │ passed:107 │ [96m[Step 01] ✅ PASSED — Page subtitle is user-friendly: 'All Status'[0m
2026-04-30 17:35:29 │ [92mINFO    [0m │ conftest │ context:196 │ [96mVideo recorded → reports/videos\test_page_subtitle_is_user_friendly_chromium_.webm[0m
2026-04-30 17:35:29 │ [92mINFO    [0m │ conftest │ authenticated_page:213 │ [96mAuthenticating as admin@dotc.com[0m
2026-04-30 17:35:29 │ [92mINFO    [0m │ base_page │ navigate_to:43 │ [96mNavigating to → https://admin-dotc.alianhub.com/[0m
2026-04-30 17:35:30 │ [92mINFO    [0m │ base_page │ navigate_to:46 │ [96mPage loaded — current URL: https://admin-dotc.alianhub.com/[0m
2026-04-30 17:35:30 │ [92mINFO    [0m │ login_page │ open_login_page:85 │ [96mLogin page loaded successfully[0m
2026-04-30 17:35:30 │ [92mINFO    [0m │ login_page │ login:106 │ [96mPerforming login with email: admin@dotc.com[0m
2026-04-30 17:35:30 │ [92mINFO    [0m │ base_page │ safe_clear_and_fill:97 │ [96mClearing & filling 'Email input'[0m
2026-04-30 17:35:31 │ [92mINFO    [0m │ base_page │ safe_clear_and_fill:97 │ [96mClearing & filling 'Password input'[0m
2026-04-30 17:35:31 │ [92mINFO    [0m │ base_page │ safe_click:84 │ [96mClicking → Continue button[0m
2026-04-30 17:35:31 │ [92mINFO    [0m │ login_page │ wait_for_dashboard:119 │ [96mWaiting for dashboard to load…[0m
2026-04-30 17:35:34 │ [92mINFO    [0m │ login_page │ wait_for_dashboard:130 │ [96mDashboard loaded — URL: https://admin-dotc.alianhub.com/dashboard[0m
2026-04-30 17:35:34 │ [92mINFO    [0m │ conftest │ authenticated_page:218 │ [96mAuthentication complete — page is ready[0m
2026-04-30 17:35:34 │ [92mINFO    [0m │ user_mgmt_page │ navigate_to_user_management:182 │ [96mNavigating to User Management section[0m
2026-04-30 17:35:34 │ [92mINFO    [0m │ base_page │ safe_click:84 │ [96mClicking → User Management sidebar link[0m
2026-04-30 17:35:40 │ DEBUG    │ user_mgmt_page │ _wait_for_table_loaded:692 │ Table is visible and loaded
2026-04-30 17:35:40 │ [92mINFO    [0m │ user_mgmt_page │ navigate_to_user_management:191 │ [96mUser Management page loaded successfully[0m
2026-04-30 17:35:40 │ DEBUG    │ user_mgmt_page │ _wait_for_table_loaded:692 │ Table is visible and loaded
2026-04-30 17:35:42 │ [92mINFO    [0m │ user_mgmt_page │ get_all_user_rows:255 │ [96mParsed 10 user rows[0m
2026-04-30 17:35:42 │ [92mINFO    [0m │ TC-UM-048 │ info:104 │ [96m[Step 01] Search by name using query: 'Heloooo'[0m
2026-04-30 17:35:42 │ [92mINFO    [0m │ user_mgmt_page │ search_users:362 │ [96mSearching for: 'Heloooo'[0m
2026-04-30 17:35:42 │ [92mINFO    [0m │ base_page │ safe_clear_and_fill:97 │ [96mClearing & filling 'Search input'[0m
2026-04-30 17:35:46 │ [92mINFO    [0m │ TC-UM-048 │ info:104 │ [96m[Step 02] Verify 'Clear All' button is NOT visible for text search[0m
2026-04-30 17:35:46 │ [92mINFO    [0m │ TC-UM-048 │ info:104 │ [96m[Step 03] 'Clear All' visible: True[0m
2026-04-30 17:35:46 │ [93mWARNING [0m │ conftest │ pytest_runtest_makereport:260 │ [96mFailure screenshot captured and attached: test_clear_all_not_shown_for_text_search[chromium][0m
2026-04-30 17:35:46 │ [92mINFO    [0m │ bug_reporter │ report_bug_on_failure:209 │ [96mCreating bug report for failed test: UNKNOWN[0m
2026-04-30 17:35:46 │ [92mINFO    [0m │ bug_reporter │ save_bug_report:121 │ [96mBug report saved: reports\bugs\BUG_UNKNOWN_20260430_173546.json[0m
2026-04-30 17:35:52 │ [92mINFO    [0m │ bug_reporter │ send_bug_email:193 │ [96mBug report email sent to: ['aliantest236@gmail.com'][0m
2026-04-30 17:35:58 │ [92mINFO    [0m │ conftest │ context:196 │ [96mVideo recorded → reports/videos\test_clear_all_not_shown_for_text_search_chromium_.webm[0m
2026-04-30 17:35:59 │ [92mINFO    [0m │ conftest │ authenticated_page:213 │ [96mAuthenticating as admin@dotc.com[0m
2026-04-30 17:35:59 │ [92mINFO    [0m │ base_page │ navigate_to:43 │ [96mNavigating to → https://admin-dotc.alianhub.com/[0m
2026-04-30 17:35:59 │ [92mINFO    [0m │ base_page │ navigate_to:46 │ [96mPage loaded — current URL: https://admin-dotc.alianhub.com/[0m
2026-04-30 17:36:00 │ [92mINFO    [0m │ login_page │ open_login_page:85 │ [96mLogin page loaded successfully[0m
2026-04-30 17:36:00 │ [92mINFO    [0m │ login_page │ login:106 │ [96mPerforming login with email: admin@dotc.com[0m
2026-04-30 17:36:00 │ [92mINFO    [0m │ base_page │ safe_clear_and_fill:97 │ [96mClearing & filling 'Email input'[0m
2026-04-30 17:36:00 │ [92mINFO    [0m │ base_page │ safe_clear_and_fill:97 │ [96mClearing & filling 'Password input'[0m
2026-04-30 17:36:00 │ [92mINFO    [0m │ base_page │ safe_click:84 │ [96mClicking → Continue button[0m
2026-04-30 17:36:00 │ [92mINFO    [0m │ login_page │ wait_for_dashboard:119 │ [96mWaiting for dashboard to load…[0m
2026-04-30 17:36:03 │ [92mINFO    [0m │ login_page │ wait_for_dashboard:130 │ [96mDashboard loaded — URL: https://admin-dotc.alianhub.com/dashboard[0m
2026-04-30 17:36:03 │ [92mINFO    [0m │ conftest │ authenticated_page:218 │ [96mAuthentication complete — page is ready[0m
2026-04-30 17:36:03 │ [92mINFO    [0m │ user_mgmt_page │ navigate_to_user_management:182 │ [96mNavigating to User Management section[0m
2026-04-30 17:36:03 │ [92mINFO    [0m │ base_page │ safe_click:84 │ [96mClicking → User Management sidebar link[0m
2026-04-30 17:36:07 │ DEBUG    │ user_mgmt_page │ _wait_for_table_loaded:692 │ Table is visible and loaded
2026-04-30 17:36:07 │ [92mINFO    [0m │ user_mgmt_page │ navigate_to_user_management:191 │ [96mUser Management page loaded successfully[0m
2026-04-30 17:36:07 │ [92mINFO    [0m │ TC-UM-049 │ info:104 │ [96m[Step 01] Setting viewport to 1280×800[0m
2026-04-30 17:36:08 │ [92mINFO    [0m │ TC-UM-049 │ info:104 │ [96m[Step 02] All 3 filter elements within bounds at 1280px ✓[0m
2026-04-30 17:36:08 │ [92mINFO    [0m │ TC-UM-049 │ info:104 │ [96m[Step 03] Setting viewport to 1024×768[0m
2026-04-30 17:36:08 │ [92mINFO    [0m │ TC-UM-049 │ info:104 │ [96m[Step 04] All 3 filter elements within bounds at 1024px ✓[0m
2026-04-30 17:36:08 │ [92mINFO    [0m │ TC-UM-049 │ passed:107 │ [96m[Step 04] ✅ PASSED — Filter section is properly aligned and responsive at 1280px and 1024px[0m
2026-04-30 17:36:12 │ [92mINFO    [0m │ conftest │ context:196 │ [96mVideo recorded → reports/videos\test_filter_section_responsive_layout_chromium_.webm[0m
2026-04-30 17:36:12 │ [92mINFO    [0m │ conftest │ authenticated_page:213 │ [96mAuthenticating as admin@dotc.com[0m
2026-04-30 17:36:12 │ [92mINFO    [0m │ base_page │ navigate_to:43 │ [96mNavigating to → https://admin-dotc.alianhub.com/[0m
2026-04-30 17:36:13 │ [92mINFO    [0m │ base_page │ navigate_to:46 │ [96mPage loaded — current URL: https://admin-dotc.alianhub.com/[0m
2026-04-30 17:36:13 │ [92mINFO    [0m │ login_page │ open_login_page:85 │ [96mLogin page loaded successfully[0m
2026-04-30 17:36:13 │ [92mINFO    [0m │ login_page │ login:106 │ [96mPerforming login with email: admin@dotc.com[0m
2026-04-30 17:36:13 │ [92mINFO    [0m │ base_page │ safe_clear_and_fill:97 │ [96mClearing & filling 'Email input'[0m
2026-04-30 17:36:14 │ [92mINFO    [0m │ base_page │ safe_clear_and_fill:97 │ [96mClearing & filling 'Password input'[0m
2026-04-30 17:36:14 │ [92mINFO    [0m │ base_page │ safe_click:84 │ [96mClicking → Continue button[0m
2026-04-30 17:36:14 │ [92mINFO    [0m │ login_page │ wait_for_dashboard:119 │ [96mWaiting for dashboard to load…[0m
2026-04-30 17:36:17 │ [92mINFO    [0m │ login_page │ wait_for_dashboard:130 │ [96mDashboard loaded — URL: https://admin-dotc.alianhub.com/dashboard[0m
2026-04-30 17:36:17 │ [92mINFO    [0m │ conftest │ authenticated_page:218 │ [96mAuthentication complete — page is ready[0m
2026-04-30 17:36:17 │ [92mINFO    [0m │ user_mgmt_page │ navigate_to_user_management:182 │ [96mNavigating to User Management section[0m
2026-04-30 17:36:17 │ [92mINFO    [0m │ base_page │ safe_click:84 │ [96mClicking → User Management sidebar link[0m
2026-04-30 17:36:22 │ DEBUG    │ user_mgmt_page │ _wait_for_table_loaded:692 │ Table is visible and loaded
2026-04-30 17:36:22 │ [92mINFO    [0m │ user_mgmt_page │ navigate_to_user_management:191 │ [96mUser Management page loaded successfully[0m
2026-04-30 17:36:22 │ [92mINFO    [0m │ TC-UM-050 │ info:104 │ [96m[Step 01] Navigate to page 2[0m
2026-04-30 17:36:25 │ [92mINFO    [0m │ TC-UM-050 │ info:104 │ [96m[Step 02] Page 2 loaded without server error ✓[0m
2026-04-30 17:36:25 │ [92mINFO    [0m │ TC-UM-050 │ info:104 │ [96m[Step 03] Navigate back to page 1[0m
2026-04-30 17:36:27 │ [92mINFO    [0m │ TC-UM-050 │ info:104 │ [96m[Step 04] Page 1 restored without server error ✓[0m
2026-04-30 17:36:27 │ [92mINFO    [0m │ TC-UM-050 │ info:104 │ [96m[Step 05] Refresh the page[0m
2026-04-30 17:36:33 │ DEBUG    │ user_mgmt_page │ _wait_for_table_loaded:692 │ Table is visible and loaded
2026-04-30 17:36:33 │ [92mINFO    [0m │ TC-UM-050 │ passed:107 │ [96m[Step 05] ✅ PASSED — No server errors on next-page, prev-page, or refresh[0m
2026-04-30 17:36:45 │ [92mINFO    [0m │ conftest │ context:196 │ [96mVideo recorded → reports/videos\test_no_server_error_on_pagination_chromium_.webm[0m
2026-04-30 17:36:45 │ [92mINFO    [0m │ conftest │ authenticated_page:213 │ [96mAuthenticating as admin@dotc.com[0m
2026-04-30 17:36:45 │ [92mINFO    [0m │ base_page │ navigate_to:43 │ [96mNavigating to → https://admin-dotc.alianhub.com/[0m
2026-04-30 17:36:46 │ [92mINFO    [0m │ base_page │ navigate_to:46 │ [96mPage loaded — current URL: https://admin-dotc.alianhub.com/[0m
2026-04-30 17:36:46 │ [92mINFO    [0m │ login_page │ open_login_page:85 │ [96mLogin page loaded successfully[0m
2026-04-30 17:36:46 │ [92mINFO    [0m │ login_page │ login:106 │ [96mPerforming login with email: admin@dotc.com[0m
2026-04-30 17:36:46 │ [92mINFO    [0m │ base_page │ safe_clear_and_fill:97 │ [96mClearing & filling 'Email input'[0m
2026-04-30 17:36:47 │ [92mINFO    [0m │ base_page │ safe_clear_and_fill:97 │ [96mClearing & filling 'Password input'[0m
2026-04-30 17:36:47 │ [92mINFO    [0m │ base_page │ safe_click:84 │ [96mClicking → Continue button[0m
2026-04-30 17:36:47 │ [92mINFO    [0m │ login_page │ wait_for_dashboard:119 │ [96mWaiting for dashboard to load…[0m
2026-04-30 17:36:50 │ [92mINFO    [0m │ login_page │ wait_for_dashboard:130 │ [96mDashboard loaded — URL: https://admin-dotc.alianhub.com/dashboard[0m
2026-04-30 17:36:50 │ [92mINFO    [0m │ conftest │ authenticated_page:218 │ [96mAuthentication complete — page is ready[0m
2026-04-30 17:36:50 │ [92mINFO    [0m │ user_mgmt_page │ navigate_to_user_management:182 │ [96mNavigating to User Management section[0m
2026-04-30 17:36:50 │ [92mINFO    [0m │ base_page │ safe_click:84 │ [96mClicking → User Management sidebar link[0m
2026-04-30 17:36:56 │ DEBUG    │ user_mgmt_page │ _wait_for_table_loaded:692 │ Table is visible and loaded
2026-04-30 17:36:56 │ [92mINFO    [0m │ user_mgmt_page │ navigate_to_user_management:191 │ [96mUser Management page loaded successfully[0m
2026-04-30 17:36:56 │ DEBUG    │ user_mgmt_page │ _wait_for_table_loaded:692 │ Table is visible and loaded
2026-04-30 17:36:58 │ [92mINFO    [0m │ user_mgmt_page │ get_all_user_rows:255 │ [96mParsed 10 user rows[0m
2026-04-30 17:36:58 │ [92mINFO    [0m │ TC-UM-051 │ info:104 │ [96m[Step 01] Test 1 — City-only filter: 'Pune'[0m
2026-04-30 17:36:58 │ [92mINFO    [0m │ user_mgmt_page │ apply_location_filter:280 │ [96mApplying Location filter (text input): 'Pune'[0m
2026-04-30 17:37:01 │ DEBUG    │ user_mgmt_page │ _wait_for_table_loaded:692 │ Table is visible and loaded
2026-04-30 17:37:01 │ [92mINFO    [0m │ user_mgmt_page │ get_table_row_count:233 │ [96mVisible table rows: 1[0m
2026-04-30 17:37:01 │ [92mINFO    [0m │ TC-UM-051 │ info:104 │ [96m[Step 02] City-only result: 1 rows, no-data=False[0m
2026-04-30 17:37:01 │ [92mINFO    [0m │ user_mgmt_page │ reset_filters:319 │ [96mResetting all filters[0m
2026-04-30 17:37:02 │ [92mINFO    [0m │ user_mgmt_page │ _get_combobox_options:751 │ [96mCombobox[0] options: ['All Status', 'Active', 'Suspended'][0m
2026-04-30 17:37:02 │ [92mINFO    [0m │ user_mgmt_page │ _select_combobox_option:765 │ [96mSelecting combobox[0] → 'All Status'[0m
2026-04-30 17:37:04 │ [92mINFO    [0m │ user_mgmt_page │ _get_combobox_options:751 │ [96mCombobox[1] options: ['All Dating Modes', 'Dating Mode Active', 'Dating Mode Inactive'][0m
2026-04-30 17:37:04 │ [92mINFO    [0m │ user_mgmt_page │ _select_combobox_option:765 │ [96mSelecting combobox[1] → 'All Dating Modes'[0m
2026-04-30 17:37:06 │ [92mINFO    [0m │ TC-UM-051 │ info:104 │ [96m[Step 03] Test 2 — Country abbreviation filter: 'US'[0m
2026-04-30 17:37:06 │ [92mINFO    [0m │ user_mgmt_page │ apply_location_filter:280 │ [96mApplying Location filter (text input): 'US'[0m
2026-04-30 17:37:08 │ DEBUG    │ user_mgmt_page │ _wait_for_table_loaded:692 │ Table is visible and loaded
2026-04-30 17:37:08 │ [92mINFO    [0m │ user_mgmt_page │ get_table_row_count:233 │ [96mVisible table rows: 1[0m
2026-04-30 17:37:08 │ [92mINFO    [0m │ TC-UM-051 │ info:104 │ [96m[Step 04] 'US' abbreviation result: 1 rows, no-data=False[0m
2026-04-30 17:37:08 │ [92mINFO    [0m │ user_mgmt_page │ reset_filters:319 │ [96mResetting all filters[0m
2026-04-30 17:37:09 │ [92mINFO    [0m │ user_mgmt_page │ _get_combobox_options:751 │ [96mCombobox[0] options: ['All Status', 'Active', 'Suspended'][0m
2026-04-30 17:37:09 │ [92mINFO    [0m │ user_mgmt_page │ _select_combobox_option:765 │ [96mSelecting combobox[0] → 'All Status'[0m
2026-04-30 17:37:11 │ [92mINFO    [0m │ user_mgmt_page │ _get_combobox_options:751 │ [96mCombobox[1] options: ['All Dating Modes', 'Dating Mode Active', 'Dating Mode Inactive'][0m
2026-04-30 17:37:11 │ [92mINFO    [0m │ user_mgmt_page │ _select_combobox_option:765 │ [96mSelecting combobox[1] → 'All Dating Modes'[0m
2026-04-30 17:37:14 │ [92mINFO    [0m │ TC-UM-051 │ passed:107 │ [96m[Step 04] ✅ PASSED — Location filter handled city ('Pune': 1 rows) and abbreviation ('US': 1 rows)[0m
2026-04-30 17:37:21 │ [92mINFO    [0m │ conftest │ context:196 │ [96mVideo recorded → reports/videos\test_location_filter_with_full_address_and_abbreviations_chromium_.webm[0m
2026-04-30 17:37:22 │ [92mINFO    [0m │ conftest │ authenticated_page:213 │ [96mAuthenticating as admin@dotc.com[0m
2026-04-30 17:37:22 │ [92mINFO    [0m │ base_page │ navigate_to:43 │ [96mNavigating to → https://admin-dotc.alianhub.com/[0m
2026-04-30 17:37:23 │ [92mINFO    [0m │ base_page │ navigate_to:46 │ [96mPage loaded — current URL: https://admin-dotc.alianhub.com/[0m
2026-04-30 17:37:23 │ [92mINFO    [0m │ login_page │ open_login_page:85 │ [96mLogin page loaded successfully[0m
2026-04-30 17:37:24 │ [92mINFO    [0m │ login_page │ login:106 │ [96mPerforming login with email: admin@dotc.com[0m
2026-04-30 17:37:24 │ [92mINFO    [0m │ base_page │ safe_clear_and_fill:97 │ [96mClearing & filling 'Email input'[0m
2026-04-30 17:37:24 │ [92mINFO    [0m │ base_page │ safe_clear_and_fill:97 │ [96mClearing & filling 'Password input'[0m
2026-04-30 17:37:24 │ [92mINFO    [0m │ base_page │ safe_click:84 │ [96mClicking → Continue button[0m
2026-04-30 17:37:24 │ [92mINFO    [0m │ login_page │ wait_for_dashboard:119 │ [96mWaiting for dashboard to load…[0m
2026-04-30 17:37:27 │ [92mINFO    [0m │ login_page │ wait_for_dashboard:130 │ [96mDashboard loaded — URL: https://admin-dotc.alianhub.com/dashboard[0m
2026-04-30 17:37:27 │ [92mINFO    [0m │ conftest │ authenticated_page:218 │ [96mAuthentication complete — page is ready[0m
2026-04-30 17:37:27 │ [92mINFO    [0m │ user_mgmt_page │ navigate_to_user_management:182 │ [96mNavigating to User Management section[0m
2026-04-30 17:37:27 │ [92mINFO    [0m │ base_page │ safe_click:84 │ [96mClicking → User Management sidebar link[0m
2026-04-30 17:37:32 │ DEBUG    │ user_mgmt_page │ _wait_for_table_loaded:692 │ Table is visible and loaded
2026-04-30 17:37:32 │ [92mINFO    [0m │ user_mgmt_page │ navigate_to_user_management:191 │ [96mUser Management page loaded successfully[0m
2026-04-30 17:37:33 │ [92mINFO    [0m │ user_mgmt_page │ _get_combobox_options:751 │ [96mCombobox[1] options: ['All Dating Modes', 'Dating Mode Active', 'Dating Mode Inactive'][0m
2026-04-30 17:37:33 │ [92mINFO    [0m │ TC-UM-052 │ info:104 │ [96m[Step 01] Dating Mode options: ['All Dating Modes', 'Dating Mode Active', 'Dating Mode Inactive'][0m
2026-04-30 17:37:34 │ [93mWARNING [0m │ conftest │ pytest_runtest_makereport:260 │ [96mFailure screenshot captured and attached: test_dating_mode_filter_option_labels[chromium][0m
2026-04-30 17:37:34 │ [92mINFO    [0m │ bug_reporter │ report_bug_on_failure:209 │ [96mCreating bug report for failed test: UNKNOWN[0m
2026-04-30 17:37:34 │ [92mINFO    [0m │ bug_reporter │ save_bug_report:121 │ [96mBug report saved: reports\bugs\BUG_UNKNOWN_20260430_173734.json[0m
2026-04-30 17:37:40 │ [92mINFO    [0m │ bug_reporter │ send_bug_email:193 │ [96mBug report email sent to: ['aliantest236@gmail.com'][0m
2026-04-30 17:37:44 │ [92mINFO    [0m │ conftest │ context:196 │ [96mVideo recorded → reports/videos\test_dating_mode_filter_option_labels_chromium_.webm[0m
2026-04-30 17:37:45 │ [92mINFO    [0m │ conftest │ pytest_sessionfinish:127 │ [96mExcel test report saved → reports/test_cases.xlsx[0m
2026-04-30 18:17:53 │ [92mINFO    [0m │ conftest │ authenticated_page:213 │ [96mAuthenticating as admin@dotc.com[0m
2026-04-30 18:17:53 │ [92mINFO    [0m │ base_page │ navigate_to:43 │ [96mNavigating to → https://admin-dotc.alianhub.com/[0m
2026-04-30 18:17:55 │ [92mINFO    [0m │ base_page │ navigate_to:46 │ [96mPage loaded — current URL: https://admin-dotc.alianhub.com/[0m
2026-04-30 18:17:55 │ [92mINFO    [0m │ login_page │ open_login_page:85 │ [96mLogin page loaded successfully[0m
2026-04-30 18:17:55 │ [92mINFO    [0m │ login_page │ login:106 │ [96mPerforming login with email: admin@dotc.com[0m
2026-04-30 18:17:55 │ [92mINFO    [0m │ base_page │ safe_clear_and_fill:97 │ [96mClearing & filling 'Email input'[0m
2026-04-30 18:17:55 │ [92mINFO    [0m │ base_page │ safe_clear_and_fill:97 │ [96mClearing & filling 'Password input'[0m
2026-04-30 18:17:55 │ [92mINFO    [0m │ base_page │ safe_click:84 │ [96mClicking → Continue button[0m
2026-04-30 18:17:55 │ [92mINFO    [0m │ login_page │ wait_for_dashboard:119 │ [96mWaiting for dashboard to load…[0m
2026-04-30 18:17:59 │ [92mINFO    [0m │ login_page │ wait_for_dashboard:130 │ [96mDashboard loaded — URL: https://admin-dotc.alianhub.com/dashboard[0m
2026-04-30 18:17:59 │ [92mINFO    [0m │ conftest │ authenticated_page:218 │ [96mAuthentication complete — page is ready[0m
2026-04-30 18:17:59 │ [92mINFO    [0m │ TC-UM-001 │ info:104 │ [96m[Step 01] Click User Management in sidebar[0m
2026-04-30 18:17:59 │ [92mINFO    [0m │ user_mgmt_page │ navigate_to_user_management:182 │ [96mNavigating to User Management section[0m
2026-04-30 18:17:59 │ [92mINFO    [0m │ base_page │ safe_click:84 │ [96mClicking → User Management sidebar link[0m
2026-04-30 18:18:00 │ DEBUG    │ user_mgmt_page │ _wait_for_table_loaded:692 │ Table is visible and loaded
2026-04-30 18:18:00 │ [92mINFO    [0m │ user_mgmt_page │ navigate_to_user_management:191 │ [96mUser Management page loaded successfully[0m
2026-04-30 18:18:00 │ [92mINFO    [0m │ TC-UM-001 │ info:104 │ [96m[Step 02] Validate URL contains 'user'[0m
2026-04-30 18:18:00 │ [92mINFO    [0m │ TC-UM-001 │ passed:107 │ [96m[Step 02] ✅ PASSED — Navigation successful — URL: https://admin-dotc.alianhub.com/users[0m
2026-04-30 18:18:06 │ [92mINFO    [0m │ conftest │ context:196 │ [96mVideo recorded → reports/videos\test_navigate_to_user_management_chromium_.webm[0m
2026-04-30 18:18:07 │ [92mINFO    [0m │ conftest │ authenticated_page:213 │ [96mAuthenticating as admin@dotc.com[0m
2026-04-30 18:18:07 │ [92mINFO    [0m │ base_page │ navigate_to:43 │ [96mNavigating to → https://admin-dotc.alianhub.com/[0m
2026-04-30 18:18:09 │ [92mINFO    [0m │ base_page │ navigate_to:46 │ [96mPage loaded — current URL: https://admin-dotc.alianhub.com/[0m
2026-04-30 18:18:09 │ [92mINFO    [0m │ login_page │ open_login_page:85 │ [96mLogin page loaded successfully[0m
2026-04-30 18:18:09 │ [92mINFO    [0m │ login_page │ login:106 │ [96mPerforming login with email: admin@dotc.com[0m
2026-04-30 18:18:09 │ [92mINFO    [0m │ base_page │ safe_clear_and_fill:97 │ [96mClearing & filling 'Email input'[0m
2026-04-30 18:18:10 │ [92mINFO    [0m │ base_page │ safe_clear_and_fill:97 │ [96mClearing & filling 'Password input'[0m
2026-04-30 18:18:10 │ [92mINFO    [0m │ base_page │ safe_click:84 │ [96mClicking → Continue button[0m
2026-04-30 18:18:10 │ [92mINFO    [0m │ login_page │ wait_for_dashboard:119 │ [96mWaiting for dashboard to load…[0m
2026-04-30 18:18:13 │ [92mINFO    [0m │ login_page │ wait_for_dashboard:130 │ [96mDashboard loaded — URL: https://admin-dotc.alianhub.com/dashboard[0m
2026-04-30 18:18:13 │ [92mINFO    [0m │ conftest │ authenticated_page:218 │ [96mAuthentication complete — page is ready[0m
2026-04-30 18:18:13 │ [92mINFO    [0m │ user_mgmt_page │ navigate_to_user_management:182 │ [96mNavigating to User Management section[0m
2026-04-30 18:18:13 │ [92mINFO    [0m │ base_page │ safe_click:84 │ [96mClicking → User Management sidebar link[0m
2026-04-30 18:18:18 │ DEBUG    │ user_mgmt_page │ _wait_for_table_loaded:692 │ Table is visible and loaded
2026-04-30 18:18:18 │ [92mINFO    [0m │ user_mgmt_page │ navigate_to_user_management:191 │ [96mUser Management page loaded successfully[0m
2026-04-30 18:18:18 │ [92mINFO    [0m │ TC-UM-002 │ info:104 │ [96m[Step 01] Check for page heading[0m
2026-04-30 18:18:18 │ [92mINFO    [0m │ TC-UM-002 │ passed:107 │ [96m[Step 01] ✅ PASSED — Page heading is displayed[0m
2026-04-30 18:18:22 │ [92mINFO    [0m │ conftest │ context:196 │ [96mVideo recorded → reports/videos\test_page_heading_visible_chromium_.webm[0m
2026-04-30 18:18:23 │ [92mINFO    [0m │ conftest │ authenticated_page:213 │ [96mAuthenticating as admin@dotc.com[0m
2026-04-30 18:18:23 │ [92mINFO    [0m │ base_page │ navigate_to:43 │ [96mNavigating to → https://admin-dotc.alianhub.com/[0m
2026-04-30 18:18:24 │ [92mINFO    [0m │ base_page │ navigate_to:46 │ [96mPage loaded — current URL: https://admin-dotc.alianhub.com/[0m
2026-04-30 18:18:24 │ [92mINFO    [0m │ login_page │ open_login_page:85 │ [96mLogin page loaded successfully[0m
2026-04-30 18:18:24 │ [92mINFO    [0m │ login_page │ login:106 │ [96mPerforming login with email: admin@dotc.com[0m
2026-04-30 18:18:24 │ [92mINFO    [0m │ base_page │ safe_clear_and_fill:97 │ [96mClearing & filling 'Email input'[0m
2026-04-30 18:18:25 │ [92mINFO    [0m │ base_page │ safe_clear_and_fill:97 │ [96mClearing & filling 'Password input'[0m
2026-04-30 18:18:25 │ [92mINFO    [0m │ base_page │ safe_click:84 │ [96mClicking → Continue button[0m
2026-04-30 18:18:25 │ [92mINFO    [0m │ login_page │ wait_for_dashboard:119 │ [96mWaiting for dashboard to load…[0m
2026-04-30 18:18:27 │ [92mINFO    [0m │ login_page │ wait_for_dashboard:130 │ [96mDashboard loaded — URL: https://admin-dotc.alianhub.com/dashboard[0m
2026-04-30 18:18:27 │ [92mINFO    [0m │ conftest │ authenticated_page:218 │ [96mAuthentication complete — page is ready[0m
2026-04-30 18:18:27 │ [92mINFO    [0m │ user_mgmt_page │ navigate_to_user_management:182 │ [96mNavigating to User Management section[0m
2026-04-30 18:18:27 │ [92mINFO    [0m │ base_page │ safe_click:84 │ [96mClicking → User Management sidebar link[0m
2026-04-30 18:18:28 │ DEBUG    │ user_mgmt_page │ _wait_for_table_loaded:692 │ Table is visible and loaded
2026-04-30 18:18:28 │ [92mINFO    [0m │ user_mgmt_page │ navigate_to_user_management:191 │ [96mUser Management page loaded successfully[0m
2026-04-30 18:18:28 │ [92mINFO    [0m │ TC-UM-003 │ info:104 │ [96m[Step 01] Check table visibility[0m
2026-04-30 18:18:28 │ [92mINFO    [0m │ TC-UM-003 │ passed:107 │ [96m[Step 01] ✅ PASSED — User table is visible[0m
2026-04-30 18:18:32 │ [92mINFO    [0m │ conftest │ context:196 │ [96mVideo recorded → reports/videos\test_table_is_visible_chromium_.webm[0m
2026-04-30 18:18:33 │ [92mINFO    [0m │ conftest │ authenticated_page:213 │ [96mAuthenticating as admin@dotc.com[0m
2026-04-30 18:18:33 │ [92mINFO    [0m │ base_page │ navigate_to:43 │ [96mNavigating to → https://admin-dotc.alianhub.com/[0m
2026-04-30 18:18:34 │ [92mINFO    [0m │ base_page │ navigate_to:46 │ [96mPage loaded — current URL: https://admin-dotc.alianhub.com/[0m
2026-04-30 18:18:34 │ [92mINFO    [0m │ login_page │ open_login_page:85 │ [96mLogin page loaded successfully[0m
2026-04-30 18:18:34 │ [92mINFO    [0m │ login_page │ login:106 │ [96mPerforming login with email: admin@dotc.com[0m
2026-04-30 18:18:34 │ [92mINFO    [0m │ base_page │ safe_clear_and_fill:97 │ [96mClearing & filling 'Email input'[0m
2026-04-30 18:18:35 │ [92mINFO    [0m │ base_page │ safe_clear_and_fill:97 │ [96mClearing & filling 'Password input'[0m
2026-04-30 18:18:35 │ [92mINFO    [0m │ base_page │ safe_click:84 │ [96mClicking → Continue button[0m
2026-04-30 18:18:35 │ [92mINFO    [0m │ login_page │ wait_for_dashboard:119 │ [96mWaiting for dashboard to load…[0m
2026-04-30 18:18:38 │ [92mINFO    [0m │ login_page │ wait_for_dashboard:130 │ [96mDashboard loaded — URL: https://admin-dotc.alianhub.com/dashboard[0m
2026-04-30 18:18:38 │ [92mINFO    [0m │ conftest │ authenticated_page:218 │ [96mAuthentication complete — page is ready[0m
2026-04-30 18:18:38 │ [92mINFO    [0m │ user_mgmt_page │ navigate_to_user_management:182 │ [96mNavigating to User Management section[0m
2026-04-30 18:18:38 │ [92mINFO    [0m │ base_page │ safe_click:84 │ [96mClicking → User Management sidebar link[0m
2026-04-30 18:18:39 │ DEBUG    │ user_mgmt_page │ _wait_for_table_loaded:692 │ Table is visible and loaded
2026-04-30 18:18:39 │ [92mINFO    [0m │ user_mgmt_page │ navigate_to_user_management:191 │ [96mUser Management page loaded successfully[0m
2026-04-30 18:18:39 │ [92mINFO    [0m │ TC-UM-004 │ info:104 │ [96m[Step 01] Retrieve column headers[0m
2026-04-30 18:18:43 │ DEBUG    │ user_mgmt_page │ _wait_for_table_loaded:692 │ Table is visible and loaded
2026-04-30 18:18:43 │ [92mINFO    [0m │ user_mgmt_page │ get_table_column_headers:214 │ [96mTable columns found: ['NAME', 'EMAIL', 'LOCATION', 'STATUS', 'DATING MODE', 'ACTIONS'][0m
2026-04-30 18:18:43 │ [92mINFO    [0m │ TC-UM-004 │ info:104 │ [96m[Step 02] Expected columns: ['Name', 'Email', 'Location', 'Status', 'Dating Mode', 'Actions'][0m
2026-04-30 18:18:43 │ [92mINFO    [0m │ TC-UM-004 │ info:104 │ [96m[Step 03] Actual columns:   ['NAME', 'EMAIL', 'LOCATION', 'STATUS', 'DATING MODE', 'ACTIONS'][0m
2026-04-30 18:18:43 │ DEBUG    │ user_mgmt_page │ _wait_for_table_loaded:692 │ Table is visible and loaded
2026-04-30 18:18:43 │ [92mINFO    [0m │ user_mgmt_page │ get_table_column_headers:214 │ [96mTable columns found: ['NAME', 'EMAIL', 'LOCATION', 'STATUS', 'DATING MODE', 'ACTIONS'][0m
2026-04-30 18:18:43 │ [92mINFO    [0m │ user_mgmt_page │ validate_table_columns:226 │ [96mAll expected columns present ✓[0m
2026-04-30 18:18:43 │ [92mINFO    [0m │ TC-UM-004 │ passed:107 │ [96m[Step 03] ✅ PASSED — All expected columns are present[0m
2026-04-30 18:18:51 │ [92mINFO    [0m │ conftest │ context:196 │ [96mVideo recorded → reports/videos\test_table_columns_chromium_.webm[0m
2026-04-30 18:18:52 │ [92mINFO    [0m │ conftest │ authenticated_page:213 │ [96mAuthenticating as admin@dotc.com[0m
2026-04-30 18:18:52 │ [92mINFO    [0m │ base_page │ navigate_to:43 │ [96mNavigating to → https://admin-dotc.alianhub.com/[0m
2026-04-30 18:18:53 │ [92mINFO    [0m │ base_page │ navigate_to:46 │ [96mPage loaded — current URL: https://admin-dotc.alianhub.com/[0m
2026-04-30 18:18:53 │ [92mINFO    [0m │ login_page │ open_login_page:85 │ [96mLogin page loaded successfully[0m
2026-04-30 18:18:53 │ [92mINFO    [0m │ login_page │ login:106 │ [96mPerforming login with email: admin@dotc.com[0m
2026-04-30 18:18:53 │ [92mINFO    [0m │ base_page │ safe_clear_and_fill:97 │ [96mClearing & filling 'Email input'[0m
2026-04-30 18:18:53 │ [92mINFO    [0m │ base_page │ safe_clear_and_fill:97 │ [96mClearing & filling 'Password input'[0m
2026-04-30 18:18:54 │ [92mINFO    [0m │ base_page │ safe_click:84 │ [96mClicking → Continue button[0m
2026-04-30 18:18:54 │ [92mINFO    [0m │ login_page │ wait_for_dashboard:119 │ [96mWaiting for dashboard to load…[0m
2026-04-30 18:18:57 │ [92mINFO    [0m │ login_page │ wait_for_dashboard:130 │ [96mDashboard loaded — URL: https://admin-dotc.alianhub.com/dashboard[0m
2026-04-30 18:18:57 │ [92mINFO    [0m │ conftest │ authenticated_page:218 │ [96mAuthentication complete — page is ready[0m
2026-04-30 18:18:57 │ [92mINFO    [0m │ user_mgmt_page │ navigate_to_user_management:182 │ [96mNavigating to User Management section[0m
2026-04-30 18:18:57 │ [92mINFO    [0m │ base_page │ safe_click:84 │ [96mClicking → User Management sidebar link[0m
2026-04-30 18:18:58 │ DEBUG    │ user_mgmt_page │ _wait_for_table_loaded:692 │ Table is visible and loaded
2026-04-30 18:18:58 │ [92mINFO    [0m │ user_mgmt_page │ navigate_to_user_management:191 │ [96mUser Management page loaded successfully[0m
2026-04-30 18:18:58 │ [92mINFO    [0m │ TC-UM-005 │ info:104 │ [96m[Step 01] Count table rows[0m
2026-04-30 18:19:02 │ DEBUG    │ user_mgmt_page │ _wait_for_table_loaded:692 │ Table is visible and loaded
2026-04-30 18:19:02 │ [92mINFO    [0m │ user_mgmt_page │ get_table_row_count:233 │ [96mVisible table rows: 10[0m
2026-04-30 18:19:02 │ [92mINFO    [0m │ TC-UM-005 │ passed:107 │ [96m[Step 01] ✅ PASSED — Table has 10 row(s)[0m
2026-04-30 18:19:09 │ [92mINFO    [0m │ conftest │ context:196 │ [96mVideo recorded → reports/videos\test_at_least_one_row_chromium_.webm[0m
2026-04-30 18:19:10 │ [92mINFO    [0m │ conftest │ authenticated_page:213 │ [96mAuthenticating as admin@dotc.com[0m
2026-04-30 18:19:10 │ [92mINFO    [0m │ base_page │ navigate_to:43 │ [96mNavigating to → https://admin-dotc.alianhub.com/[0m
2026-04-30 18:19:11 │ [92mINFO    [0m │ base_page │ navigate_to:46 │ [96mPage loaded — current URL: https://admin-dotc.alianhub.com/[0m
2026-04-30 18:19:12 │ [92mINFO    [0m │ login_page │ open_login_page:85 │ [96mLogin page loaded successfully[0m
2026-04-30 18:19:12 │ [92mINFO    [0m │ login_page │ login:106 │ [96mPerforming login with email: admin@dotc.com[0m
2026-04-30 18:19:12 │ [92mINFO    [0m │ base_page │ safe_clear_and_fill:97 │ [96mClearing & filling 'Email input'[0m
2026-04-30 18:19:12 │ [92mINFO    [0m │ base_page │ safe_clear_and_fill:97 │ [96mClearing & filling 'Password input'[0m
2026-04-30 18:19:12 │ [92mINFO    [0m │ base_page │ safe_click:84 │ [96mClicking → Continue button[0m
2026-04-30 18:19:12 │ [92mINFO    [0m │ login_page │ wait_for_dashboard:119 │ [96mWaiting for dashboard to load…[0m
2026-04-30 18:19:14 │ [92mINFO    [0m │ login_page │ wait_for_dashboard:130 │ [96mDashboard loaded — URL: https://admin-dotc.alianhub.com/dashboard[0m
2026-04-30 18:19:14 │ [92mINFO    [0m │ conftest │ authenticated_page:218 │ [96mAuthentication complete — page is ready[0m
2026-04-30 18:19:14 │ [92mINFO    [0m │ user_mgmt_page │ navigate_to_user_management:182 │ [96mNavigating to User Management section[0m
2026-04-30 18:19:14 │ [92mINFO    [0m │ base_page │ safe_click:84 │ [96mClicking → User Management sidebar link[0m
2026-04-30 18:19:16 │ DEBUG    │ user_mgmt_page │ _wait_for_table_loaded:692 │ Table is visible and loaded
2026-04-30 18:19:16 │ [92mINFO    [0m │ user_mgmt_page │ navigate_to_user_management:191 │ [96mUser Management page loaded successfully[0m
2026-04-30 18:19:19 │ DEBUG    │ user_mgmt_page │ _wait_for_table_loaded:692 │ Table is visible and loaded
2026-04-30 18:19:20 │ [92mINFO    [0m │ user_mgmt_page │ get_all_user_rows:255 │ [96mParsed 10 user rows[0m
2026-04-30 18:19:20 │ [92mINFO    [0m │ TC-UM-033 │ info:104 │ [96m[Step 01] Validating completeness across 10 visible rows[0m
2026-04-30 18:19:20 │ [92mINFO    [0m │ TC-UM-033 │ passed:107 │ [96m[Step 01] ✅ PASSED — All 10 rows have complete name, email, status, location[0m
2026-04-30 18:19:24 │ [92mINFO    [0m │ conftest │ context:196 │ [96mVideo recorded → reports/videos\test_table_data_completeness_chromium_.webm[0m
2026-04-30 18:19:25 │ [92mINFO    [0m │ conftest │ authenticated_page:213 │ [96mAuthenticating as admin@dotc.com[0m
2026-04-30 18:19:25 │ [92mINFO    [0m │ base_page │ navigate_to:43 │ [96mNavigating to → https://admin-dotc.alianhub.com/[0m
2026-04-30 18:19:27 │ [92mINFO    [0m │ base_page │ navigate_to:46 │ [96mPage loaded — current URL: https://admin-dotc.alianhub.com/[0m
2026-04-30 18:19:27 │ [92mINFO    [0m │ login_page │ open_login_page:85 │ [96mLogin page loaded successfully[0m
2026-04-30 18:19:27 │ [92mINFO    [0m │ login_page │ login:106 │ [96mPerforming login with email: admin@dotc.com[0m
2026-04-30 18:19:27 │ [92mINFO    [0m │ base_page │ safe_clear_and_fill:97 │ [96mClearing & filling 'Email input'[0m
2026-04-30 18:19:27 │ [92mINFO    [0m │ base_page │ safe_clear_and_fill:97 │ [96mClearing & filling 'Password input'[0m
2026-04-30 18:19:27 │ [92mINFO    [0m │ base_page │ safe_click:84 │ [96mClicking → Continue button[0m
2026-04-30 18:19:27 │ [92mINFO    [0m │ login_page │ wait_for_dashboard:119 │ [96mWaiting for dashboard to load…[0m
2026-04-30 18:19:30 │ [92mINFO    [0m │ login_page │ wait_for_dashboard:130 │ [96mDashboard loaded — URL: https://admin-dotc.alianhub.com/dashboard[0m
2026-04-30 18:19:30 │ [92mINFO    [0m │ conftest │ authenticated_page:218 │ [96mAuthentication complete — page is ready[0m
2026-04-30 18:19:30 │ [92mINFO    [0m │ user_mgmt_page │ navigate_to_user_management:182 │ [96mNavigating to User Management section[0m
2026-04-30 18:19:30 │ [92mINFO    [0m │ base_page │ safe_click:84 │ [96mClicking → User Management sidebar link[0m
2026-04-30 18:19:31 │ DEBUG    │ user_mgmt_page │ _wait_for_table_loaded:692 │ Table is visible and loaded
2026-04-30 18:19:31 │ [92mINFO    [0m │ user_mgmt_page │ navigate_to_user_management:191 │ [96mUser Management page loaded successfully[0m
2026-04-30 18:19:33 │ [92mINFO    [0m │ user_mgmt_page │ _get_combobox_options:751 │ [96mCombobox[0] options: ['All Status', 'Active', 'Suspended'][0m
2026-04-30 18:19:33 │ [92mINFO    [0m │ TC-UM-010 │ info:104 │ [96m[Step 01] Apply combined: status='Active', location=''[0m
2026-04-30 18:19:33 │ [92mINFO    [0m │ user_mgmt_page │ apply_combined_filters:304 │ [96mApplying combined filters — status='Active', location='', dating_mode=''[0m
2026-04-30 18:19:33 │ [92mINFO    [0m │ user_mgmt_page │ _select_combobox_option:765 │ [96mSelecting combobox[0] → 'Active'[0m
2026-04-30 18:19:38 │ DEBUG    │ user_mgmt_page │ _wait_for_table_loaded:692 │ Table is visible and loaded
2026-04-30 18:19:38 │ [92mINFO    [0m │ user_mgmt_page │ get_table_row_count:233 │ [96mVisible table rows: 10[0m
2026-04-30 18:19:38 │ DEBUG    │ user_mgmt_page │ _wait_for_table_loaded:692 │ Table is visible and loaded
2026-04-30 18:19:39 │ [92mINFO    [0m │ user_mgmt_page │ get_all_user_rows:255 │ [96mParsed 10 user rows[0m
2026-04-30 18:19:39 │ [92mINFO    [0m │ TC-UM-010 │ passed:107 │ [96m[Step 01] ✅ PASSED — Combined filter returned 10 verified row(s)[0m
2026-04-30 18:19:45 │ [92mINFO    [0m │ conftest │ context:196 │ [96mVideo recorded → reports/videos\test_combined_filters_chromium_.webm[0m
2026-04-30 18:19:45 │ [92mINFO    [0m │ conftest │ authenticated_page:213 │ [96mAuthenticating as admin@dotc.com[0m
2026-04-30 18:19:45 │ [92mINFO    [0m │ base_page │ navigate_to:43 │ [96mNavigating to → https://admin-dotc.alianhub.com/[0m
2026-04-30 18:19:47 │ [92mINFO    [0m │ base_page │ navigate_to:46 │ [96mPage loaded — current URL: https://admin-dotc.alianhub.com/[0m
2026-04-30 18:19:47 │ [92mINFO    [0m │ login_page │ open_login_page:85 │ [96mLogin page loaded successfully[0m
2026-04-30 18:19:47 │ [92mINFO    [0m │ login_page │ login:106 │ [96mPerforming login with email: admin@dotc.com[0m
2026-04-30 18:19:47 │ [92mINFO    [0m │ base_page │ safe_clear_and_fill:97 │ [96mClearing & filling 'Email input'[0m
2026-04-30 18:19:47 │ [92mINFO    [0m │ base_page │ safe_clear_and_fill:97 │ [96mClearing & filling 'Password input'[0m
2026-04-30 18:19:47 │ [92mINFO    [0m │ base_page │ safe_click:84 │ [96mClicking → Continue button[0m
2026-04-30 18:19:47 │ [92mINFO    [0m │ login_page │ wait_for_dashboard:119 │ [96mWaiting for dashboard to load…[0m
2026-04-30 18:19:50 │ [92mINFO    [0m │ login_page │ wait_for_dashboard:130 │ [96mDashboard loaded — URL: https://admin-dotc.alianhub.com/dashboard[0m
2026-04-30 18:19:50 │ [92mINFO    [0m │ conftest │ authenticated_page:218 │ [96mAuthentication complete — page is ready[0m
2026-04-30 18:19:50 │ [92mINFO    [0m │ user_mgmt_page │ navigate_to_user_management:182 │ [96mNavigating to User Management section[0m
2026-04-30 18:19:50 │ [92mINFO    [0m │ base_page │ safe_click:84 │ [96mClicking → User Management sidebar link[0m
2026-04-30 18:19:51 │ DEBUG    │ user_mgmt_page │ _wait_for_table_loaded:692 │ Table is visible and loaded
2026-04-30 18:19:51 │ [92mINFO    [0m │ user_mgmt_page │ navigate_to_user_management:191 │ [96mUser Management page loaded successfully[0m
2026-04-30 18:19:51 │ [92mINFO    [0m │ TC-UM-011 │ info:104 │ [96m[Step 01] Collect available filter options[0m
2026-04-30 18:19:52 │ [92mINFO    [0m │ user_mgmt_page │ _get_combobox_options:751 │ [96mCombobox[0] options: ['All Status', 'Active', 'Suspended'][0m
2026-04-30 18:19:54 │ [92mINFO    [0m │ user_mgmt_page │ _get_combobox_options:751 │ [96mCombobox[1] options: ['All Dating Modes', 'Dating Mode Active', 'Dating Mode Inactive'][0m
2026-04-30 18:19:54 │ [92mINFO    [0m │ TC-UM-011 │ info:104 │ [96m[Step 02] Apply extreme filters: status='Suspended', location='', mode='Dating Mode Inactive'[0m
2026-04-30 18:19:54 │ [92mINFO    [0m │ user_mgmt_page │ apply_combined_filters:304 │ [96mApplying combined filters — status='Suspended', location='', dating_mode='Dating Mode Inactive'[0m
2026-04-30 18:19:54 │ [92mINFO    [0m │ user_mgmt_page │ _select_combobox_option:765 │ [96mSelecting combobox[0] → 'Suspended'[0m
2026-04-30 18:19:55 │ [92mINFO    [0m │ user_mgmt_page │ _select_combobox_option:765 │ [96mSelecting combobox[1] → 'Dating Mode Inactive'[0m
2026-04-30 18:19:58 │ DEBUG    │ user_mgmt_page │ _wait_for_table_loaded:692 │ Table is visible and loaded
2026-04-30 18:19:58 │ [92mINFO    [0m │ user_mgmt_page │ get_table_row_count:233 │ [96mVisible table rows: 8[0m
2026-04-30 18:19:58 │ [92mINFO    [0m │ TC-UM-011 │ info:104 │ [96m[Step 03] Rows: 8, No-data shown: False[0m
2026-04-30 18:19:58 │ [92mINFO    [0m │ TC-UM-011 │ passed:107 │ [96m[Step 03] ✅ PASSED — Extreme filters matched 8 real user(s) — filter logic is working[0m
2026-04-30 18:20:04 │ [92mINFO    [0m │ conftest │ context:196 │ [96mVideo recorded → reports/videos\test_no_result_filter_chromium_.webm[0m
2026-04-30 18:20:05 │ [92mINFO    [0m │ conftest │ authenticated_page:213 │ [96mAuthenticating as admin@dotc.com[0m
2026-04-30 18:20:05 │ [92mINFO    [0m │ base_page │ navigate_to:43 │ [96mNavigating to → https://admin-dotc.alianhub.com/[0m
2026-04-30 18:20:06 │ [92mINFO    [0m │ base_page │ navigate_to:46 │ [96mPage loaded — current URL: https://admin-dotc.alianhub.com/[0m
2026-04-30 18:20:06 │ [92mINFO    [0m │ login_page │ open_login_page:85 │ [96mLogin page loaded successfully[0m
2026-04-30 18:20:06 │ [92mINFO    [0m │ login_page │ login:106 │ [96mPerforming login with email: admin@dotc.com[0m
2026-04-30 18:20:06 │ [92mINFO    [0m │ base_page │ safe_clear_and_fill:97 │ [96mClearing & filling 'Email input'[0m
2026-04-30 18:20:06 │ [92mINFO    [0m │ base_page │ safe_clear_and_fill:97 │ [96mClearing & filling 'Password input'[0m
2026-04-30 18:20:06 │ [92mINFO    [0m │ base_page │ safe_click:84 │ [96mClicking → Continue button[0m
2026-04-30 18:20:06 │ [92mINFO    [0m │ login_page │ wait_for_dashboard:119 │ [96mWaiting for dashboard to load…[0m
2026-04-30 18:20:09 │ [92mINFO    [0m │ login_page │ wait_for_dashboard:130 │ [96mDashboard loaded — URL: https://admin-dotc.alianhub.com/dashboard[0m
2026-04-30 18:20:09 │ [92mINFO    [0m │ conftest │ authenticated_page:218 │ [96mAuthentication complete — page is ready[0m
2026-04-30 18:20:09 │ [92mINFO    [0m │ user_mgmt_page │ navigate_to_user_management:182 │ [96mNavigating to User Management section[0m
2026-04-30 18:20:09 │ [92mINFO    [0m │ base_page │ safe_click:84 │ [96mClicking → User Management sidebar link[0m
2026-04-30 18:20:10 │ DEBUG    │ user_mgmt_page │ _wait_for_table_loaded:692 │ Table is visible and loaded
2026-04-30 18:20:10 │ [92mINFO    [0m │ user_mgmt_page │ navigate_to_user_management:191 │ [96mUser Management page loaded successfully[0m
2026-04-30 18:20:12 │ [92mINFO    [0m │ user_mgmt_page │ _get_combobox_options:751 │ [96mCombobox[0] options: ['All Status', 'Active', 'Suspended'][0m
2026-04-30 18:20:12 │ [92mINFO    [0m │ TC-UM-023 │ info:104 │ [96m[Step 01] Apply Status filter: 'Active'[0m
2026-04-30 18:20:12 │ [92mINFO    [0m │ user_mgmt_page │ apply_status_filter:272 │ [96mApplying Status filter: 'Active'[0m
2026-04-30 18:20:12 │ [92mINFO    [0m │ user_mgmt_page │ _select_combobox_option:765 │ [96mSelecting combobox[0] → 'Active'[0m
2026-04-30 18:20:16 │ DEBUG    │ user_mgmt_page │ _wait_for_table_loaded:692 │ Table is visible and loaded
2026-04-30 18:20:16 │ [92mINFO    [0m │ user_mgmt_page │ get_table_row_count:233 │ [96mVisible table rows: 10[0m
2026-04-30 18:20:16 │ DEBUG    │ user_mgmt_page │ _wait_for_table_loaded:692 │ Table is visible and loaded
2026-04-30 18:20:17 │ [92mINFO    [0m │ user_mgmt_page │ get_all_user_rows:255 │ [96mParsed 10 user rows[0m
2026-04-30 18:20:17 │ [92mINFO    [0m │ TC-UM-023 │ passed:107 │ [96m[Step 01] ✅ PASSED — Status='Active' filter returned 10 valid row(s)[0m
2026-04-30 18:20:21 │ [92mINFO    [0m │ conftest │ context:196 │ [96mVideo recorded → reports/videos\test_status_filter_active_chromium_.webm[0m
2026-04-30 18:20:22 │ [92mINFO    [0m │ conftest │ authenticated_page:213 │ [96mAuthenticating as admin@dotc.com[0m
2026-04-30 18:20:22 │ [92mINFO    [0m │ base_page │ navigate_to:43 │ [96mNavigating to → https://admin-dotc.alianhub.com/[0m
2026-04-30 18:20:23 │ [92mINFO    [0m │ base_page │ navigate_to:46 │ [96mPage loaded — current URL: https://admin-dotc.alianhub.com/[0m
2026-04-30 18:20:23 │ [92mINFO    [0m │ login_page │ open_login_page:85 │ [96mLogin page loaded successfully[0m
2026-04-30 18:20:23 │ [92mINFO    [0m │ login_page │ login:106 │ [96mPerforming login with email: admin@dotc.com[0m
2026-04-30 18:20:23 │ [92mINFO    [0m │ base_page │ safe_clear_and_fill:97 │ [96mClearing & filling 'Email input'[0m
2026-04-30 18:20:23 │ [92mINFO    [0m │ base_page │ safe_clear_and_fill:97 │ [96mClearing & filling 'Password input'[0m
2026-04-30 18:20:23 │ [92mINFO    [0m │ base_page │ safe_click:84 │ [96mClicking → Continue button[0m
2026-04-30 18:20:23 │ [92mINFO    [0m │ login_page │ wait_for_dashboard:119 │ [96mWaiting for dashboard to load…[0m
2026-04-30 18:20:26 │ [92mINFO    [0m │ login_page │ wait_for_dashboard:130 │ [96mDashboard loaded — URL: https://admin-dotc.alianhub.com/dashboard[0m
2026-04-30 18:20:26 │ [92mINFO    [0m │ conftest │ authenticated_page:218 │ [96mAuthentication complete — page is ready[0m
2026-04-30 18:20:26 │ [92mINFO    [0m │ user_mgmt_page │ navigate_to_user_management:182 │ [96mNavigating to User Management section[0m
2026-04-30 18:20:26 │ [92mINFO    [0m │ base_page │ safe_click:84 │ [96mClicking → User Management sidebar link[0m
2026-04-30 18:20:28 │ DEBUG    │ user_mgmt_page │ _wait_for_table_loaded:692 │ Table is visible and loaded
2026-04-30 18:20:28 │ [92mINFO    [0m │ user_mgmt_page │ navigate_to_user_management:191 │ [96mUser Management page loaded successfully[0m
2026-04-30 18:20:29 │ [92mINFO    [0m │ user_mgmt_page │ _get_combobox_options:751 │ [96mCombobox[0] options: ['All Status', 'Active', 'Suspended'][0m
2026-04-30 18:20:29 │ [92mINFO    [0m │ TC-UM-025 │ info:104 │ [96m[Step 01] Apply Status filter: 'Suspended'[0m
2026-04-30 18:20:29 │ [92mINFO    [0m │ user_mgmt_page │ apply_status_filter:272 │ [96mApplying Status filter: 'Suspended'[0m
2026-04-30 18:20:29 │ [92mINFO    [0m │ user_mgmt_page │ _select_combobox_option:765 │ [96mSelecting combobox[0] → 'Suspended'[0m
2026-04-30 18:20:34 │ DEBUG    │ user_mgmt_page │ _wait_for_table_loaded:692 │ Table is visible and loaded
2026-04-30 18:20:34 │ [92mINFO    [0m │ user_mgmt_page │ get_table_row_count:233 │ [96mVisible table rows: 8[0m
2026-04-30 18:20:34 │ DEBUG    │ user_mgmt_page │ _wait_for_table_loaded:692 │ Table is visible and loaded
2026-04-30 18:20:35 │ [92mINFO    [0m │ user_mgmt_page │ get_all_user_rows:255 │ [96mParsed 8 user rows[0m
2026-04-30 18:20:35 │ [92mINFO    [0m │ TC-UM-025 │ passed:107 │ [96m[Step 01] ✅ PASSED — Status='Suspended' filter returned 8 valid row(s)[0m
2026-04-30 18:20:41 │ [92mINFO    [0m │ conftest │ context:196 │ [96mVideo recorded → reports/videos\test_status_filter_suspended_chromium_.webm[0m
2026-04-30 18:20:41 │ [92mINFO    [0m │ conftest │ authenticated_page:213 │ [96mAuthenticating as admin@dotc.com[0m
2026-04-30 18:20:41 │ [92mINFO    [0m │ base_page │ navigate_to:43 │ [96mNavigating to → https://admin-dotc.alianhub.com/[0m
2026-04-30 18:20:42 │ [92mINFO    [0m │ base_page │ navigate_to:46 │ [96mPage loaded — current URL: https://admin-dotc.alianhub.com/[0m
2026-04-30 18:20:43 │ [92mINFO    [0m │ login_page │ open_login_page:85 │ [96mLogin page loaded successfully[0m
2026-04-30 18:20:43 │ [92mINFO    [0m │ login_page │ login:106 │ [96mPerforming login with email: admin@dotc.com[0m
2026-04-30 18:20:43 │ [92mINFO    [0m │ base_page │ safe_clear_and_fill:97 │ [96mClearing & filling 'Email input'[0m
2026-04-30 18:20:43 │ [92mINFO    [0m │ base_page │ safe_clear_and_fill:97 │ [96mClearing & filling 'Password input'[0m
2026-04-30 18:20:43 │ [92mINFO    [0m │ base_page │ safe_click:84 │ [96mClicking → Continue button[0m
2026-04-30 18:20:43 │ [92mINFO    [0m │ login_page │ wait_for_dashboard:119 │ [96mWaiting for dashboard to load…[0m
2026-04-30 18:20:46 │ [92mINFO    [0m │ login_page │ wait_for_dashboard:130 │ [96mDashboard loaded — URL: https://admin-dotc.alianhub.com/dashboard[0m
2026-04-30 18:20:46 │ [92mINFO    [0m │ conftest │ authenticated_page:218 │ [96mAuthentication complete — page is ready[0m
2026-04-30 18:20:46 │ [92mINFO    [0m │ user_mgmt_page │ navigate_to_user_management:182 │ [96mNavigating to User Management section[0m
2026-04-30 18:20:46 │ [92mINFO    [0m │ base_page │ safe_click:84 │ [96mClicking → User Management sidebar link[0m
2026-04-30 18:20:46 │ DEBUG    │ user_mgmt_page │ _wait_for_table_loaded:692 │ Table is visible and loaded
2026-04-30 18:20:46 │ [92mINFO    [0m │ user_mgmt_page │ navigate_to_user_management:191 │ [96mUser Management page loaded successfully[0m
2026-04-30 18:20:52 │ [92mINFO    [0m │ conftest │ context:196 │ [96mVideo recorded → reports/videos\test_location_filter_all_options_chromium_.webm[0m
2026-04-30 18:20:53 │ [92mINFO    [0m │ conftest │ authenticated_page:213 │ [96mAuthenticating as admin@dotc.com[0m
2026-04-30 18:20:53 │ [92mINFO    [0m │ base_page │ navigate_to:43 │ [96mNavigating to → https://admin-dotc.alianhub.com/[0m
2026-04-30 18:20:54 │ [92mINFO    [0m │ base_page │ navigate_to:46 │ [96mPage loaded — current URL: https://admin-dotc.alianhub.com/[0m
2026-04-30 18:20:54 │ [92mINFO    [0m │ login_page │ open_login_page:85 │ [96mLogin page loaded successfully[0m
2026-04-30 18:20:54 │ [92mINFO    [0m │ login_page │ login:106 │ [96mPerforming login with email: admin@dotc.com[0m
2026-04-30 18:20:54 │ [92mINFO    [0m │ base_page │ safe_clear_and_fill:97 │ [96mClearing & filling 'Email input'[0m
2026-04-30 18:20:55 │ [92mINFO    [0m │ base_page │ safe_clear_and_fill:97 │ [96mClearing & filling 'Password input'[0m
2026-04-30 18:20:55 │ [92mINFO    [0m │ base_page │ safe_click:84 │ [96mClicking → Continue button[0m
2026-04-30 18:20:55 │ [92mINFO    [0m │ login_page │ wait_for_dashboard:119 │ [96mWaiting for dashboard to load…[0m
2026-04-30 18:20:57 │ [92mINFO    [0m │ login_page │ wait_for_dashboard:130 │ [96mDashboard loaded — URL: https://admin-dotc.alianhub.com/dashboard[0m
2026-04-30 18:20:57 │ [92mINFO    [0m │ conftest │ authenticated_page:218 │ [96mAuthentication complete — page is ready[0m
2026-04-30 18:20:57 │ [92mINFO    [0m │ user_mgmt_page │ navigate_to_user_management:182 │ [96mNavigating to User Management section[0m
2026-04-30 18:20:57 │ [92mINFO    [0m │ base_page │ safe_click:84 │ [96mClicking → User Management sidebar link[0m
2026-04-30 18:20:58 │ DEBUG    │ user_mgmt_page │ _wait_for_table_loaded:692 │ Table is visible and loaded
2026-04-30 18:20:58 │ [92mINFO    [0m │ user_mgmt_page │ navigate_to_user_management:191 │ [96mUser Management page loaded successfully[0m
2026-04-30 18:21:00 │ [92mINFO    [0m │ user_mgmt_page │ _get_combobox_options:751 │ [96mCombobox[1] options: ['All Dating Modes', 'Dating Mode Active', 'Dating Mode Inactive'][0m
2026-04-30 18:21:00 │ [92mINFO    [0m │ TC-UM-027 │ info:104 │ [96m[Step 01] Testing 3 dating mode option(s): ['All Dating Modes', 'Dating Mode Active', 'Dating Mode Inactive'][0m
2026-04-30 18:21:00 │ [92mINFO    [0m │ TC-UM-027 │ info:104 │ [96m[Step 02] Apply Dating Mode filter: 'All Dating Modes'[0m
2026-04-30 18:21:00 │ [92mINFO    [0m │ user_mgmt_page │ apply_dating_mode_filter:292 │ [96mApplying Dating Mode filter: 'All Dating Modes'[0m
2026-04-30 18:21:00 │ [92mINFO    [0m │ user_mgmt_page │ _select_combobox_option:765 │ [96mSelecting combobox[1] → 'All Dating Modes'[0m
2026-04-30 18:21:03 │ DEBUG    │ user_mgmt_page │ _wait_for_table_loaded:692 │ Table is visible and loaded
2026-04-30 18:21:03 │ [92mINFO    [0m │ user_mgmt_page │ get_table_row_count:233 │ [96mVisible table rows: 10[0m
2026-04-30 18:21:03 │ [92mINFO    [0m │ TC-UM-027 │ info:104 │ [96m[Step 03] Dating Mode='All Dating Modes' → 10 row(s), no-data=False[0m
2026-04-30 18:21:03 │ [92mINFO    [0m │ user_mgmt_page │ reset_filters:319 │ [96mResetting all filters[0m
2026-04-30 18:21:04 │ [92mINFO    [0m │ user_mgmt_page │ _get_combobox_options:751 │ [96mCombobox[0] options: ['All Status', 'Active', 'Suspended'][0m
2026-04-30 18:21:04 │ [92mINFO    [0m │ user_mgmt_page │ _select_combobox_option:765 │ [96mSelecting combobox[0] → 'All Status'[0m
2026-04-30 18:21:05 │ [92mINFO    [0m │ user_mgmt_page │ _get_combobox_options:751 │ [96mCombobox[1] options: ['All Dating Modes', 'Dating Mode Active', 'Dating Mode Inactive'][0m
2026-04-30 18:21:05 │ [92mINFO    [0m │ user_mgmt_page │ _select_combobox_option:765 │ [96mSelecting combobox[1] → 'All Dating Modes'[0m
2026-04-30 18:21:08 │ [92mINFO    [0m │ TC-UM-027 │ info:104 │ [96m[Step 04] Apply Dating Mode filter: 'Dating Mode Active'[0m
2026-04-30 18:21:08 │ [92mINFO    [0m │ user_mgmt_page │ apply_dating_mode_filter:292 │ [96mApplying Dating Mode filter: 'Dating Mode Active'[0m
2026-04-30 18:21:08 │ [92mINFO    [0m │ user_mgmt_page │ _select_combobox_option:765 │ [96mSelecting combobox[1] → 'Dating Mode Active'[0m
2026-04-30 18:21:11 │ DEBUG    │ user_mgmt_page │ _wait_for_table_loaded:692 │ Table is visible and loaded
2026-04-30 18:21:11 │ [92mINFO    [0m │ user_mgmt_page │ get_table_row_count:233 │ [96mVisible table rows: 1[0m
2026-04-30 18:21:11 │ [92mINFO    [0m │ TC-UM-027 │ info:104 │ [96m[Step 05] Dating Mode='Dating Mode Active' → 1 row(s), no-data=True[0m
2026-04-30 18:21:11 │ [92mINFO    [0m │ user_mgmt_page │ reset_filters:319 │ [96mResetting all filters[0m
2026-04-30 18:21:11 │ [92mINFO    [0m │ user_mgmt_page │ _get_combobox_options:751 │ [96mCombobox[0] options: ['All Status', 'Active', 'Suspended'][0m
2026-04-30 18:21:11 │ [92mINFO    [0m │ user_mgmt_page │ _select_combobox_option:765 │ [96mSelecting combobox[0] → 'All Status'[0m
2026-04-30 18:21:13 │ [92mINFO    [0m │ user_mgmt_page │ _get_combobox_options:751 │ [96mCombobox[1] options: ['All Dating Modes', 'Dating Mode Active', 'Dating Mode Inactive'][0m
2026-04-30 18:21:13 │ [92mINFO    [0m │ user_mgmt_page │ _select_combobox_option:765 │ [96mSelecting combobox[1] → 'All Dating Modes'[0m
2026-04-30 18:21:16 │ [92mINFO    [0m │ TC-UM-027 │ info:104 │ [96m[Step 06] Apply Dating Mode filter: 'Dating Mode Inactive'[0m
2026-04-30 18:21:16 │ [92mINFO    [0m │ user_mgmt_page │ apply_dating_mode_filter:292 │ [96mApplying Dating Mode filter: 'Dating Mode Inactive'[0m
2026-04-30 18:21:16 │ [92mINFO    [0m │ user_mgmt_page │ _select_combobox_option:765 │ [96mSelecting combobox[1] → 'Dating Mode Inactive'[0m
2026-04-30 18:21:18 │ DEBUG    │ user_mgmt_page │ _wait_for_table_loaded:692 │ Table is visible and loaded
2026-04-30 18:21:18 │ [92mINFO    [0m │ user_mgmt_page │ get_table_row_count:233 │ [96mVisible table rows: 10[0m
2026-04-30 18:21:18 │ [92mINFO    [0m │ TC-UM-027 │ info:104 │ [96m[Step 07] Dating Mode='Dating Mode Inactive' → 10 row(s), no-data=False[0m
2026-04-30 18:21:18 │ [92mINFO    [0m │ user_mgmt_page │ reset_filters:319 │ [96mResetting all filters[0m
2026-04-30 18:21:19 │ [92mINFO    [0m │ user_mgmt_page │ _get_combobox_options:751 │ [96mCombobox[0] options: ['All Status', 'Active', 'Suspended'][0m
2026-04-30 18:21:19 │ [92mINFO    [0m │ user_mgmt_page │ _select_combobox_option:765 │ [96mSelecting combobox[0] → 'All Status'[0m
2026-04-30 18:21:20 │ [92mINFO    [0m │ user_mgmt_page │ _get_combobox_options:751 │ [96mCombobox[1] options: ['All Dating Modes', 'Dating Mode Active', 'Dating Mode Inactive'][0m
2026-04-30 18:21:20 │ [92mINFO    [0m │ user_mgmt_page │ _select_combobox_option:765 │ [96mSelecting combobox[1] → 'All Dating Modes'[0m
2026-04-30 18:21:23 │ [92mINFO    [0m │ TC-UM-027 │ passed:107 │ [96m[Step 07] ✅ PASSED — All 3 dating mode option(s) verified successfully[0m
2026-04-30 18:21:24 │ [92mINFO    [0m │ conftest │ context:196 │ [96mVideo recorded → reports/videos\test_dating_mode_filter_all_options_chromium_.webm[0m
2026-04-30 18:21:25 │ [92mINFO    [0m │ conftest │ authenticated_page:213 │ [96mAuthenticating as admin@dotc.com[0m
2026-04-30 18:21:25 │ [92mINFO    [0m │ base_page │ navigate_to:43 │ [96mNavigating to → https://admin-dotc.alianhub.com/[0m
2026-04-30 18:21:26 │ [92mINFO    [0m │ base_page │ navigate_to:46 │ [96mPage loaded — current URL: https://admin-dotc.alianhub.com/[0m
2026-04-30 18:21:27 │ [92mINFO    [0m │ login_page │ open_login_page:85 │ [96mLogin page loaded successfully[0m
2026-04-30 18:21:27 │ [92mINFO    [0m │ login_page │ login:106 │ [96mPerforming login with email: admin@dotc.com[0m
2026-04-30 18:21:27 │ [92mINFO    [0m │ base_page │ safe_clear_and_fill:97 │ [96mClearing & filling 'Email input'[0m
2026-04-30 18:21:27 │ [92mINFO    [0m │ base_page │ safe_clear_and_fill:97 │ [96mClearing & filling 'Password input'[0m
2026-04-30 18:21:27 │ [92mINFO    [0m │ base_page │ safe_click:84 │ [96mClicking → Continue button[0m
2026-04-30 18:21:27 │ [92mINFO    [0m │ login_page │ wait_for_dashboard:119 │ [96mWaiting for dashboard to load…[0m
2026-04-30 18:21:31 │ [92mINFO    [0m │ login_page │ wait_for_dashboard:130 │ [96mDashboard loaded — URL: https://admin-dotc.alianhub.com/dashboard[0m
2026-04-30 18:21:31 │ [92mINFO    [0m │ conftest │ authenticated_page:218 │ [96mAuthentication complete — page is ready[0m
2026-04-30 18:21:31 │ [92mINFO    [0m │ user_mgmt_page │ navigate_to_user_management:182 │ [96mNavigating to User Management section[0m
2026-04-30 18:21:31 │ [92mINFO    [0m │ base_page │ safe_click:84 │ [96mClicking → User Management sidebar link[0m
2026-04-30 18:21:35 │ DEBUG    │ user_mgmt_page │ _wait_for_table_loaded:692 │ Table is visible and loaded
2026-04-30 18:21:35 │ [92mINFO    [0m │ user_mgmt_page │ navigate_to_user_management:191 │ [96mUser Management page loaded successfully[0m
2026-04-30 18:21:35 │ [92mINFO    [0m │ TC-UM-028 │ info:104 │ [96m[Step 01] Record initial row count before applying filters[0m
2026-04-30 18:21:35 │ DEBUG    │ user_mgmt_page │ _wait_for_table_loaded:692 │ Table is visible and loaded
2026-04-30 18:21:35 │ [92mINFO    [0m │ user_mgmt_page │ get_table_row_count:233 │ [96mVisible table rows: 10[0m
2026-04-30 18:21:36 │ [92mINFO    [0m │ user_mgmt_page │ _get_combobox_options:751 │ [96mCombobox[0] options: ['All Status', 'Active', 'Suspended'][0m
2026-04-30 18:21:36 │ [92mINFO    [0m │ user_mgmt_page │ _get_combobox_options:751 │ [96mCombobox[1] options: ['All Dating Modes', 'Dating Mode Active', 'Dating Mode Inactive'][0m
2026-04-30 18:21:36 │ [92mINFO    [0m │ TC-UM-028 │ info:104 │ [96m[Step 02] Apply filters — status='Active', location='', mode='Dating Mode Active'[0m
2026-04-30 18:21:36 │ [92mINFO    [0m │ user_mgmt_page │ apply_combined_filters:304 │ [96mApplying combined filters — status='Active', location='', dating_mode='Dating Mode Active'[0m
2026-04-30 18:21:36 │ [92mINFO    [0m │ user_mgmt_page │ _select_combobox_option:765 │ [96mSelecting combobox[0] → 'Active'[0m
2026-04-30 18:21:37 │ [92mINFO    [0m │ user_mgmt_page │ _select_combobox_option:765 │ [96mSelecting combobox[1] → 'Dating Mode Active'[0m
2026-04-30 18:21:40 │ DEBUG    │ user_mgmt_page │ _wait_for_table_loaded:692 │ Table is visible and loaded
2026-04-30 18:21:40 │ [92mINFO    [0m │ user_mgmt_page │ get_table_row_count:233 │ [96mVisible table rows: 1[0m
2026-04-30 18:21:40 │ [92mINFO    [0m │ TC-UM-028 │ info:104 │ [96m[Step 03] Row count after filters: 1[0m
2026-04-30 18:21:40 │ [92mINFO    [0m │ TC-UM-028 │ info:104 │ [96m[Step 04] Click Clear All button[0m
2026-04-30 18:21:40 │ [92mINFO    [0m │ user_mgmt_page │ reset_filters:319 │ [96mResetting all filters[0m
2026-04-30 18:21:41 │ [92mINFO    [0m │ user_mgmt_page │ _get_combobox_options:751 │ [96mCombobox[0] options: ['All Status', 'Active', 'Suspended'][0m
2026-04-30 18:21:41 │ [92mINFO    [0m │ user_mgmt_page │ _select_combobox_option:765 │ [96mSelecting combobox[0] → 'All Status'[0m
2026-04-30 18:21:42 │ [92mINFO    [0m │ user_mgmt_page │ _get_combobox_options:751 │ [96mCombobox[1] options: ['All Dating Modes', 'Dating Mode Active', 'Dating Mode Inactive'][0m
2026-04-30 18:21:42 │ [92mINFO    [0m │ user_mgmt_page │ _select_combobox_option:765 │ [96mSelecting combobox[1] → 'All Dating Modes'[0m
2026-04-30 18:21:45 │ DEBUG    │ user_mgmt_page │ _wait_for_table_loaded:692 │ Table is visible and loaded
2026-04-30 18:21:45 │ [92mINFO    [0m │ user_mgmt_page │ get_table_row_count:233 │ [96mVisible table rows: 10[0m
2026-04-30 18:21:45 │ [92mINFO    [0m │ TC-UM-028 │ passed:107 │ [96m[Step 04] ✅ PASSED — Clear All restored full list — row count: 10[0m
2026-04-30 18:21:50 │ [92mINFO    [0m │ conftest │ context:196 │ [96mVideo recorded → reports/videos\test_clear_all_button_chromium_.webm[0m
2026-04-30 18:21:51 │ [92mINFO    [0m │ conftest │ authenticated_page:213 │ [96mAuthenticating as admin@dotc.com[0m
2026-04-30 18:21:51 │ [92mINFO    [0m │ base_page │ navigate_to:43 │ [96mNavigating to → https://admin-dotc.alianhub.com/[0m
2026-04-30 18:21:52 │ [92mINFO    [0m │ base_page │ navigate_to:46 │ [96mPage loaded — current URL: https://admin-dotc.alianhub.com/[0m
2026-04-30 18:21:52 │ [92mINFO    [0m │ login_page │ open_login_page:85 │ [96mLogin page loaded successfully[0m
2026-04-30 18:21:52 │ [92mINFO    [0m │ login_page │ login:106 │ [96mPerforming login with email: admin@dotc.com[0m
2026-04-30 18:21:52 │ [92mINFO    [0m │ base_page │ safe_clear_and_fill:97 │ [96mClearing & filling 'Email input'[0m
2026-04-30 18:21:53 │ [92mINFO    [0m │ base_page │ safe_clear_and_fill:97 │ [96mClearing & filling 'Password input'[0m
2026-04-30 18:21:53 │ [92mINFO    [0m │ base_page │ safe_click:84 │ [96mClicking → Continue button[0m
2026-04-30 18:21:53 │ [92mINFO    [0m │ login_page │ wait_for_dashboard:119 │ [96mWaiting for dashboard to load…[0m
2026-04-30 18:21:55 │ [92mINFO    [0m │ login_page │ wait_for_dashboard:130 │ [96mDashboard loaded — URL: https://admin-dotc.alianhub.com/dashboard[0m
2026-04-30 18:21:55 │ [92mINFO    [0m │ conftest │ authenticated_page:218 │ [96mAuthentication complete — page is ready[0m
2026-04-30 18:21:55 │ [92mINFO    [0m │ user_mgmt_page │ navigate_to_user_management:182 │ [96mNavigating to User Management section[0m
2026-04-30 18:21:55 │ [92mINFO    [0m │ base_page │ safe_click:84 │ [96mClicking → User Management sidebar link[0m
2026-04-30 18:21:56 │ DEBUG    │ user_mgmt_page │ _wait_for_table_loaded:692 │ Table is visible and loaded
2026-04-30 18:21:56 │ [92mINFO    [0m │ user_mgmt_page │ navigate_to_user_management:191 │ [96mUser Management page loaded successfully[0m
2026-04-30 18:21:56 │ [92mINFO    [0m │ TC-UM-029 │ info:104 │ [96m[Step 01] Record initial (unfiltered) row count[0m
2026-04-30 18:22:01 │ DEBUG    │ user_mgmt_page │ _wait_for_table_loaded:692 │ Table is visible and loaded
2026-04-30 18:22:01 │ [92mINFO    [0m │ user_mgmt_page │ get_table_row_count:233 │ [96mVisible table rows: 10[0m
2026-04-30 18:22:01 │ [92mINFO    [0m │ TC-UM-029 │ info:104 │ [96m[Step 02] Apply a non-All status filter first to change the view[0m
2026-04-30 18:22:02 │ [92mINFO    [0m │ user_mgmt_page │ _get_combobox_options:751 │ [96mCombobox[0] options: ['All Status', 'Active', 'Suspended'][0m
2026-04-30 18:22:02 │ [92mINFO    [0m │ user_mgmt_page │ apply_status_filter:272 │ [96mApplying Status filter: 'Active'[0m
2026-04-30 18:22:02 │ [92mINFO    [0m │ user_mgmt_page │ _select_combobox_option:765 │ [96mSelecting combobox[0] → 'Active'[0m
2026-04-30 18:22:06 │ DEBUG    │ user_mgmt_page │ _wait_for_table_loaded:692 │ Table is visible and loaded
2026-04-30 18:22:06 │ [92mINFO    [0m │ user_mgmt_page │ get_table_row_count:233 │ [96mVisible table rows: 10[0m
2026-04-30 18:22:06 │ [92mINFO    [0m │ TC-UM-029 │ info:104 │ [96m[Step 03] Applied 'Active' filter — rows now: 10[0m
2026-04-30 18:22:06 │ [92mINFO    [0m │ TC-UM-029 │ info:104 │ [96m[Step 04] Select 'All' from Status filter (or reset if 'All' not present)[0m
2026-04-30 18:22:06 │ [92mINFO    [0m │ user_mgmt_page │ reset_filters:319 │ [96mResetting all filters[0m
2026-04-30 18:22:07 │ [92mINFO    [0m │ user_mgmt_page │ _get_combobox_options:751 │ [96mCombobox[0] options: ['All Status', 'Active', 'Suspended'][0m
2026-04-30 18:22:07 │ [92mINFO    [0m │ user_mgmt_page │ _select_combobox_option:765 │ [96mSelecting combobox[0] → 'All Status'[0m
2026-04-30 18:22:09 │ [92mINFO    [0m │ user_mgmt_page │ _get_combobox_options:751 │ [96mCombobox[1] options: ['All Dating Modes', 'Dating Mode Active', 'Dating Mode Inactive'][0m
2026-04-30 18:22:09 │ [92mINFO    [0m │ user_mgmt_page │ _select_combobox_option:765 │ [96mSelecting combobox[1] → 'All Dating Modes'[0m
2026-04-30 18:22:11 │ DEBUG    │ user_mgmt_page │ _wait_for_table_loaded:692 │ Table is visible and loaded
2026-04-30 18:22:11 │ [92mINFO    [0m │ user_mgmt_page │ get_table_row_count:233 │ [96mVisible table rows: 10[0m
2026-04-30 18:22:11 │ [92mINFO    [0m │ TC-UM-029 │ passed:107 │ [96m[Step 04] ✅ PASSED — Status 'All' restored full list — 10 rows[0m
2026-04-30 18:22:17 │ [92mINFO    [0m │ conftest │ context:196 │ [96mVideo recorded → reports/videos\test_status_filter_all_chromium_.webm[0m
2026-04-30 18:22:17 │ [92mINFO    [0m │ conftest │ authenticated_page:213 │ [96mAuthenticating as admin@dotc.com[0m
2026-04-30 18:22:17 │ [92mINFO    [0m │ base_page │ navigate_to:43 │ [96mNavigating to → https://admin-dotc.alianhub.com/[0m
2026-04-30 18:22:18 │ [92mINFO    [0m │ base_page │ navigate_to:46 │ [96mPage loaded — current URL: https://admin-dotc.alianhub.com/[0m
2026-04-30 18:22:19 │ [92mINFO    [0m │ login_page │ open_login_page:85 │ [96mLogin page loaded successfully[0m
2026-04-30 18:22:19 │ [92mINFO    [0m │ login_page │ login:106 │ [96mPerforming login with email: admin@dotc.com[0m
2026-04-30 18:22:19 │ [92mINFO    [0m │ base_page │ safe_clear_and_fill:97 │ [96mClearing & filling 'Email input'[0m
2026-04-30 18:22:19 │ [92mINFO    [0m │ base_page │ safe_clear_and_fill:97 │ [96mClearing & filling 'Password input'[0m
2026-04-30 18:22:19 │ [92mINFO    [0m │ base_page │ safe_click:84 │ [96mClicking → Continue button[0m
2026-04-30 18:22:19 │ [92mINFO    [0m │ login_page │ wait_for_dashboard:119 │ [96mWaiting for dashboard to load…[0m
2026-04-30 18:22:22 │ [92mINFO    [0m │ login_page │ wait_for_dashboard:130 │ [96mDashboard loaded — URL: https://admin-dotc.alianhub.com/dashboard[0m
2026-04-30 18:22:22 │ [92mINFO    [0m │ conftest │ authenticated_page:218 │ [96mAuthentication complete — page is ready[0m
2026-04-30 18:22:22 │ [92mINFO    [0m │ user_mgmt_page │ navigate_to_user_management:182 │ [96mNavigating to User Management section[0m
2026-04-30 18:22:22 │ [92mINFO    [0m │ base_page │ safe_click:84 │ [96mClicking → User Management sidebar link[0m
2026-04-30 18:22:23 │ DEBUG    │ user_mgmt_page │ _wait_for_table_loaded:692 │ Table is visible and loaded
2026-04-30 18:22:23 │ [92mINFO    [0m │ user_mgmt_page │ navigate_to_user_management:191 │ [96mUser Management page loaded successfully[0m
2026-04-30 18:22:24 │ [92mINFO    [0m │ user_mgmt_page │ _get_combobox_options:751 │ [96mCombobox[1] options: ['All Dating Modes', 'Dating Mode Active', 'Dating Mode Inactive'][0m
2026-04-30 18:22:24 │ [92mINFO    [0m │ TC-UM-030 │ info:104 │ [96m[Step 01] Apply Dating Mode filter: 'Dating Mode Active'[0m
2026-04-30 18:22:24 │ [92mINFO    [0m │ user_mgmt_page │ apply_dating_mode_filter:292 │ [96mApplying Dating Mode filter: 'Dating Mode Active'[0m
2026-04-30 18:22:24 │ [92mINFO    [0m │ user_mgmt_page │ _select_combobox_option:765 │ [96mSelecting combobox[1] → 'Dating Mode Active'[0m
2026-04-30 18:22:26 │ DEBUG    │ user_mgmt_page │ _wait_for_table_loaded:692 │ Table is visible and loaded
2026-04-30 18:22:26 │ [92mINFO    [0m │ user_mgmt_page │ get_table_row_count:233 │ [96mVisible table rows: 1[0m
2026-04-30 18:22:26 │ DEBUG    │ user_mgmt_page │ _wait_for_table_loaded:692 │ Table is visible and loaded
2026-04-30 18:22:26 │ [92mINFO    [0m │ user_mgmt_page │ get_all_user_rows:255 │ [96mParsed 0 user rows[0m
2026-04-30 18:22:26 │ [92mINFO    [0m │ TC-UM-030 │ passed:107 │ [96m[Step 01] ✅ PASSED — Dating Mode='Active' filter returned 1 valid row(s)[0m
2026-04-30 18:22:29 │ [92mINFO    [0m │ conftest │ context:196 │ [96mVideo recorded → reports/videos\test_dating_mode_filter_active_chromium_.webm[0m
2026-04-30 18:22:30 │ [92mINFO    [0m │ conftest │ authenticated_page:213 │ [96mAuthenticating as admin@dotc.com[0m
2026-04-30 18:22:30 │ [92mINFO    [0m │ base_page │ navigate_to:43 │ [96mNavigating to → https://admin-dotc.alianhub.com/[0m
2026-04-30 18:22:31 │ [92mINFO    [0m │ base_page │ navigate_to:46 │ [96mPage loaded — current URL: https://admin-dotc.alianhub.com/[0m
2026-04-30 18:22:31 │ [92mINFO    [0m │ login_page │ open_login_page:85 │ [96mLogin page loaded successfully[0m
2026-04-30 18:22:31 │ [92mINFO    [0m │ login_page │ login:106 │ [96mPerforming login with email: admin@dotc.com[0m
2026-04-30 18:22:31 │ [92mINFO    [0m │ base_page │ safe_clear_and_fill:97 │ [96mClearing & filling 'Email input'[0m
2026-04-30 18:22:32 │ [92mINFO    [0m │ base_page │ safe_clear_and_fill:97 │ [96mClearing & filling 'Password input'[0m
2026-04-30 18:22:32 │ [92mINFO    [0m │ base_page │ safe_click:84 │ [96mClicking → Continue button[0m
2026-04-30 18:22:32 │ [92mINFO    [0m │ login_page │ wait_for_dashboard:119 │ [96mWaiting for dashboard to load…[0m
2026-04-30 18:22:34 │ [92mINFO    [0m │ login_page │ wait_for_dashboard:130 │ [96mDashboard loaded — URL: https://admin-dotc.alianhub.com/dashboard[0m
2026-04-30 18:22:34 │ [92mINFO    [0m │ conftest │ authenticated_page:218 │ [96mAuthentication complete — page is ready[0m
2026-04-30 18:22:34 │ [92mINFO    [0m │ user_mgmt_page │ navigate_to_user_management:182 │ [96mNavigating to User Management section[0m
2026-04-30 18:22:34 │ [92mINFO    [0m │ base_page │ safe_click:84 │ [96mClicking → User Management sidebar link[0m
2026-04-30 18:22:39 │ DEBUG    │ user_mgmt_page │ _wait_for_table_loaded:692 │ Table is visible and loaded
2026-04-30 18:22:39 │ [92mINFO    [0m │ user_mgmt_page │ navigate_to_user_management:191 │ [96mUser Management page loaded successfully[0m
2026-04-30 18:22:39 │ [92mINFO    [0m │ user_mgmt_page │ _get_combobox_options:751 │ [96mCombobox[1] options: ['All Dating Modes', 'Dating Mode Active', 'Dating Mode Inactive'][0m
2026-04-30 18:22:39 │ [92mINFO    [0m │ TC-UM-031 │ info:104 │ [96m[Step 01] Apply Dating Mode filter: 'Dating Mode Inactive'[0m
2026-04-30 18:22:39 │ [92mINFO    [0m │ user_mgmt_page │ apply_dating_mode_filter:292 │ [96mApplying Dating Mode filter: 'Dating Mode Inactive'[0m
2026-04-30 18:22:39 │ [92mINFO    [0m │ user_mgmt_page │ _select_combobox_option:765 │ [96mSelecting combobox[1] → 'Dating Mode Inactive'[0m
2026-04-30 18:22:42 │ DEBUG    │ user_mgmt_page │ _wait_for_table_loaded:692 │ Table is visible and loaded
2026-04-30 18:22:42 │ [92mINFO    [0m │ user_mgmt_page │ get_table_row_count:233 │ [96mVisible table rows: 10[0m
2026-04-30 18:22:42 │ DEBUG    │ user_mgmt_page │ _wait_for_table_loaded:692 │ Table is visible and loaded
2026-04-30 18:22:43 │ [92mINFO    [0m │ user_mgmt_page │ get_all_user_rows:255 │ [96mParsed 10 user rows[0m
2026-04-30 18:22:43 │ [92mINFO    [0m │ TC-UM-031 │ passed:107 │ [96m[Step 01] ✅ PASSED — Dating Mode='Inactive' filter returned 10 valid row(s)[0m
2026-04-30 18:22:45 │ [92mINFO    [0m │ conftest │ context:196 │ [96mVideo recorded → reports/videos\test_dating_mode_filter_inactive_chromium_.webm[0m
2026-04-30 18:22:45 │ [92mINFO    [0m │ conftest │ authenticated_page:213 │ [96mAuthenticating as admin@dotc.com[0m
2026-04-30 18:22:45 │ [92mINFO    [0m │ base_page │ navigate_to:43 │ [96mNavigating to → https://admin-dotc.alianhub.com/[0m
2026-04-30 18:22:46 │ [92mINFO    [0m │ base_page │ navigate_to:46 │ [96mPage loaded — current URL: https://admin-dotc.alianhub.com/[0m
2026-04-30 18:22:46 │ [92mINFO    [0m │ login_page │ open_login_page:85 │ [96mLogin page loaded successfully[0m
2026-04-30 18:22:46 │ [92mINFO    [0m │ login_page │ login:106 │ [96mPerforming login with email: admin@dotc.com[0m
2026-04-30 18:22:46 │ [92mINFO    [0m │ base_page │ safe_clear_and_fill:97 │ [96mClearing & filling 'Email input'[0m
2026-04-30 18:22:47 │ [92mINFO    [0m │ base_page │ safe_clear_and_fill:97 │ [96mClearing & filling 'Password input'[0m
2026-04-30 18:22:47 │ [92mINFO    [0m │ base_page │ safe_click:84 │ [96mClicking → Continue button[0m
2026-04-30 18:22:47 │ [92mINFO    [0m │ login_page │ wait_for_dashboard:119 │ [96mWaiting for dashboard to load…[0m
2026-04-30 18:22:50 │ [92mINFO    [0m │ login_page │ wait_for_dashboard:130 │ [96mDashboard loaded — URL: https://admin-dotc.alianhub.com/dashboard[0m
2026-04-30 18:22:50 │ [92mINFO    [0m │ conftest │ authenticated_page:218 │ [96mAuthentication complete — page is ready[0m
2026-04-30 18:22:50 │ [92mINFO    [0m │ user_mgmt_page │ navigate_to_user_management:182 │ [96mNavigating to User Management section[0m
2026-04-30 18:22:50 │ [92mINFO    [0m │ base_page │ safe_click:84 │ [96mClicking → User Management sidebar link[0m
2026-04-30 18:22:55 │ DEBUG    │ user_mgmt_page │ _wait_for_table_loaded:692 │ Table is visible and loaded
2026-04-30 18:22:55 │ [92mINFO    [0m │ user_mgmt_page │ navigate_to_user_management:191 │ [96mUser Management page loaded successfully[0m
2026-04-30 18:22:55 │ [92mINFO    [0m │ TC-UM-013 │ info:104 │ [96m[Step 01] Get a real (non-placeholder) name to use as search term[0m
2026-04-30 18:22:55 │ DEBUG    │ user_mgmt_page │ _wait_for_table_loaded:692 │ Table is visible and loaded
2026-04-30 18:22:56 │ [92mINFO    [0m │ user_mgmt_page │ get_all_user_rows:255 │ [96mParsed 10 user rows[0m
2026-04-30 18:22:56 │ [92mINFO    [0m │ TC-UM-013 │ info:104 │ [96m[Step 02] Searching for name: 'Heloooo'[0m
2026-04-30 18:22:56 │ [92mINFO    [0m │ user_mgmt_page │ search_users:362 │ [96mSearching for: 'Heloooo'[0m
2026-04-30 18:22:56 │ [92mINFO    [0m │ base_page │ safe_clear_and_fill:97 │ [96mClearing & filling 'Search input'[0m
2026-04-30 18:23:00 │ [92mINFO    [0m │ TC-UM-013 │ info:104 │ [96m[Step 03] Validate results contain search term[0m
2026-04-30 18:23:00 │ DEBUG    │ user_mgmt_page │ _wait_for_table_loaded:692 │ Table is visible and loaded
2026-04-30 18:23:00 │ [92mINFO    [0m │ user_mgmt_page │ get_table_row_count:233 │ [96mVisible table rows: 1[0m
2026-04-30 18:23:00 │ DEBUG    │ user_mgmt_page │ _wait_for_table_loaded:692 │ Table is visible and loaded
2026-04-30 18:23:00 │ [92mINFO    [0m │ user_mgmt_page │ get_all_user_rows:255 │ [96mParsed 1 user rows[0m
2026-04-30 18:23:00 │ DEBUG    │ user_mgmt_page │ _wait_for_table_loaded:692 │ Table is visible and loaded
2026-04-30 18:23:00 │ [92mINFO    [0m │ user_mgmt_page │ get_all_user_rows:255 │ [96mParsed 1 user rows[0m
2026-04-30 18:23:00 │ [92mINFO    [0m │ user_mgmt_page │ validate_search_results_contain:392 │ [96mAll 1 rows match search term 'Heloooo' ✓[0m
2026-04-30 18:23:00 │ [92mINFO    [0m │ TC-UM-013 │ passed:107 │ [96m[Step 03] ✅ PASSED — Search by name returned 1 matching result(s)[0m
2026-04-30 18:23:06 │ [92mINFO    [0m │ conftest │ context:196 │ [96mVideo recorded → reports/videos\test_search_by_name_chromium_.webm[0m
2026-04-30 18:23:07 │ [92mINFO    [0m │ conftest │ authenticated_page:213 │ [96mAuthenticating as admin@dotc.com[0m
2026-04-30 18:23:07 │ [92mINFO    [0m │ base_page │ navigate_to:43 │ [96mNavigating to → https://admin-dotc.alianhub.com/[0m
2026-04-30 18:23:08 │ [92mINFO    [0m │ base_page │ navigate_to:46 │ [96mPage loaded — current URL: https://admin-dotc.alianhub.com/[0m
2026-04-30 18:23:08 │ [92mINFO    [0m │ login_page │ open_login_page:85 │ [96mLogin page loaded successfully[0m
2026-04-30 18:23:08 │ [92mINFO    [0m │ login_page │ login:106 │ [96mPerforming login with email: admin@dotc.com[0m
2026-04-30 18:23:08 │ [92mINFO    [0m │ base_page │ safe_clear_and_fill:97 │ [96mClearing & filling 'Email input'[0m
2026-04-30 18:23:08 │ [92mINFO    [0m │ base_page │ safe_clear_and_fill:97 │ [96mClearing & filling 'Password input'[0m
2026-04-30 18:23:09 │ [92mINFO    [0m │ base_page │ safe_click:84 │ [96mClicking → Continue button[0m
2026-04-30 18:23:09 │ [92mINFO    [0m │ login_page │ wait_for_dashboard:119 │ [96mWaiting for dashboard to load…[0m
2026-04-30 18:23:11 │ [92mINFO    [0m │ login_page │ wait_for_dashboard:130 │ [96mDashboard loaded — URL: https://admin-dotc.alianhub.com/dashboard[0m
2026-04-30 18:23:11 │ [92mINFO    [0m │ conftest │ authenticated_page:218 │ [96mAuthentication complete — page is ready[0m
2026-04-30 18:23:11 │ [92mINFO    [0m │ user_mgmt_page │ navigate_to_user_management:182 │ [96mNavigating to User Management section[0m
2026-04-30 18:23:11 │ [92mINFO    [0m │ base_page │ safe_click:84 │ [96mClicking → User Management sidebar link[0m
2026-04-30 18:23:14 │ DEBUG    │ user_mgmt_page │ _wait_for_table_loaded:692 │ Table is visible and loaded
2026-04-30 18:23:14 │ [92mINFO    [0m │ user_mgmt_page │ navigate_to_user_management:191 │ [96mUser Management page loaded successfully[0m
2026-04-30 18:23:14 │ DEBUG    │ user_mgmt_page │ _wait_for_table_loaded:692 │ Table is visible and loaded
2026-04-30 18:23:15 │ [92mINFO    [0m │ user_mgmt_page │ get_all_user_rows:255 │ [96mParsed 10 user rows[0m
2026-04-30 18:23:15 │ [92mINFO    [0m │ TC-UM-014 │ info:104 │ [96m[Step 01] Searching for email: 'N/A'[0m
2026-04-30 18:23:15 │ [92mINFO    [0m │ user_mgmt_page │ search_users:362 │ [96mSearching for: 'N/A'[0m
2026-04-30 18:23:15 │ [92mINFO    [0m │ base_page │ safe_clear_and_fill:97 │ [96mClearing & filling 'Search input'[0m
2026-04-30 18:23:17 │ DEBUG    │ user_mgmt_page │ _wait_for_table_loaded:692 │ Table is visible and loaded
2026-04-30 18:23:17 │ [92mINFO    [0m │ user_mgmt_page │ get_table_row_count:233 │ [96mVisible table rows: 1[0m
2026-04-30 18:23:17 │ [92mINFO    [0m │ TC-UM-014 │ passed:107 │ [96m[Step 01] ✅ PASSED — Search by email returned 1 result(s)[0m
2026-04-30 18:23:20 │ [92mINFO    [0m │ conftest │ context:196 │ [96mVideo recorded → reports/videos\test_search_by_email_chromium_.webm[0m
2026-04-30 18:23:20 │ [92mINFO    [0m │ conftest │ authenticated_page:213 │ [96mAuthenticating as admin@dotc.com[0m
2026-04-30 18:23:20 │ [92mINFO    [0m │ base_page │ navigate_to:43 │ [96mNavigating to → https://admin-dotc.alianhub.com/[0m
2026-04-30 18:23:21 │ [92mINFO    [0m │ base_page │ navigate_to:46 │ [96mPage loaded — current URL: https://admin-dotc.alianhub.com/[0m
2026-04-30 18:23:22 │ [92mINFO    [0m │ login_page │ open_login_page:85 │ [96mLogin page loaded successfully[0m
2026-04-30 18:23:22 │ [92mINFO    [0m │ login_page │ login:106 │ [96mPerforming login with email: admin@dotc.com[0m
2026-04-30 18:23:22 │ [92mINFO    [0m │ base_page │ safe_clear_and_fill:97 │ [96mClearing & filling 'Email input'[0m
2026-04-30 18:23:22 │ [92mINFO    [0m │ base_page │ safe_clear_and_fill:97 │ [96mClearing & filling 'Password input'[0m
2026-04-30 18:23:22 │ [92mINFO    [0m │ base_page │ safe_click:84 │ [96mClicking → Continue button[0m
2026-04-30 18:23:22 │ [92mINFO    [0m │ login_page │ wait_for_dashboard:119 │ [96mWaiting for dashboard to load…[0m
2026-04-30 18:23:25 │ [92mINFO    [0m │ login_page │ wait_for_dashboard:130 │ [96mDashboard loaded — URL: https://admin-dotc.alianhub.com/dashboard[0m
2026-04-30 18:23:25 │ [92mINFO    [0m │ conftest │ authenticated_page:218 │ [96mAuthentication complete — page is ready[0m
2026-04-30 18:23:25 │ [92mINFO    [0m │ user_mgmt_page │ navigate_to_user_management:182 │ [96mNavigating to User Management section[0m
2026-04-30 18:23:25 │ [92mINFO    [0m │ base_page │ safe_click:84 │ [96mClicking → User Management sidebar link[0m
2026-04-30 18:23:29 │ DEBUG    │ user_mgmt_page │ _wait_for_table_loaded:692 │ Table is visible and loaded
2026-04-30 18:23:29 │ [92mINFO    [0m │ user_mgmt_page │ navigate_to_user_management:191 │ [96mUser Management page loaded successfully[0m
2026-04-30 18:23:29 │ [92mINFO    [0m │ TC-UM-015 │ info:104 │ [96m[Step 01] Searching for nonsense: 'zzzznonexistentuser12345xyz'[0m
2026-04-30 18:23:29 │ [92mINFO    [0m │ user_mgmt_page │ search_users:362 │ [96mSearching for: 'zzzznonexistentuser12345xyz'[0m
2026-04-30 18:23:29 │ [92mINFO    [0m │ base_page │ safe_clear_and_fill:97 │ [96mClearing & filling 'Search input'[0m
2026-04-30 18:23:31 │ [92mINFO    [0m │ TC-UM-015 │ info:104 │ [96m[Step 02] Validate no results or no-data message[0m
2026-04-30 18:23:31 │ DEBUG    │ user_mgmt_page │ _wait_for_table_loaded:692 │ Table is visible and loaded
2026-04-30 18:23:31 │ [92mINFO    [0m │ user_mgmt_page │ get_table_row_count:233 │ [96mVisible table rows: 1[0m
2026-04-30 18:23:31 │ [92mINFO    [0m │ TC-UM-015 │ info:104 │ [96m[Step 03] Validate pagination is hidden when no results found[0m
2026-04-30 18:23:32 │ [93mWARNING [0m │ conftest │ pytest_runtest_makereport:260 │ [96mFailure screenshot captured and attached: test_search_no_match[chromium][0m
2026-04-30 18:23:32 │ [92mINFO    [0m │ bug_reporter │ report_bug_on_failure:209 │ [96mCreating bug report for failed test: TC-UM-015[0m
2026-04-30 18:23:32 │ [92mINFO    [0m │ bug_reporter │ save_bug_report:121 │ [96mBug report saved: reports\bugs\BUG_TC-UM-015_20260430_182332.json[0m
2026-04-30 18:23:38 │ [92mINFO    [0m │ bug_reporter │ send_bug_email:193 │ [96mBug report email sent to: ['aliantest236@gmail.com'][0m
2026-04-30 18:23:39 │ [92mINFO    [0m │ conftest │ context:196 │ [96mVideo recorded → reports/videos\test_search_no_match_chromium_.webm[0m
2026-04-30 18:23:40 │ [92mINFO    [0m │ conftest │ authenticated_page:213 │ [96mAuthenticating as admin@dotc.com[0m
2026-04-30 18:23:40 │ [92mINFO    [0m │ base_page │ navigate_to:43 │ [96mNavigating to → https://admin-dotc.alianhub.com/[0m
2026-04-30 18:23:41 │ [92mINFO    [0m │ base_page │ navigate_to:46 │ [96mPage loaded — current URL: https://admin-dotc.alianhub.com/[0m
2026-04-30 18:23:41 │ [92mINFO    [0m │ login_page │ open_login_page:85 │ [96mLogin page loaded successfully[0m
2026-04-30 18:23:41 │ [92mINFO    [0m │ login_page │ login:106 │ [96mPerforming login with email: admin@dotc.com[0m
2026-04-30 18:23:41 │ [92mINFO    [0m │ base_page │ safe_clear_and_fill:97 │ [96mClearing & filling 'Email input'[0m
2026-04-30 18:23:41 │ [92mINFO    [0m │ base_page │ safe_clear_and_fill:97 │ [96mClearing & filling 'Password input'[0m
2026-04-30 18:23:41 │ [92mINFO    [0m │ base_page │ safe_click:84 │ [96mClicking → Continue button[0m
2026-04-30 18:23:42 │ [92mINFO    [0m │ login_page │ wait_for_dashboard:119 │ [96mWaiting for dashboard to load…[0m
2026-04-30 18:23:44 │ [92mINFO    [0m │ login_page │ wait_for_dashboard:130 │ [96mDashboard loaded — URL: https://admin-dotc.alianhub.com/dashboard[0m
2026-04-30 18:23:44 │ [92mINFO    [0m │ conftest │ authenticated_page:218 │ [96mAuthentication complete — page is ready[0m
2026-04-30 18:23:44 │ [92mINFO    [0m │ user_mgmt_page │ navigate_to_user_management:182 │ [96mNavigating to User Management section[0m
2026-04-30 18:23:44 │ [92mINFO    [0m │ base_page │ safe_click:84 │ [96mClicking → User Management sidebar link[0m
2026-04-30 18:23:45 │ DEBUG    │ user_mgmt_page │ _wait_for_table_loaded:692 │ Table is visible and loaded
2026-04-30 18:23:45 │ [92mINFO    [0m │ user_mgmt_page │ navigate_to_user_management:191 │ [96mUser Management page loaded successfully[0m
2026-04-30 18:23:48 │ DEBUG    │ user_mgmt_page │ _wait_for_table_loaded:692 │ Table is visible and loaded
2026-04-30 18:23:48 │ [92mINFO    [0m │ user_mgmt_page │ get_table_row_count:233 │ [96mVisible table rows: 10[0m
2026-04-30 18:23:48 │ [92mINFO    [0m │ TC-UM-016 │ info:104 │ [96m[Step 01] Search for something specific[0m
2026-04-30 18:23:48 │ DEBUG    │ user_mgmt_page │ _wait_for_table_loaded:692 │ Table is visible and loaded
2026-04-30 18:23:49 │ [92mINFO    [0m │ user_mgmt_page │ get_all_user_rows:255 │ [96mParsed 10 user rows[0m
2026-04-30 18:23:49 │ [92mINFO    [0m │ user_mgmt_page │ search_users:362 │ [96mSearching for: 'Heloooo'[0m
2026-04-30 18:23:49 │ [92mINFO    [0m │ base_page │ safe_clear_and_fill:97 │ [96mClearing & filling 'Search input'[0m
2026-04-30 18:23:53 │ [92mINFO    [0m │ TC-UM-016 │ info:104 │ [96m[Step 02] Clear search[0m
2026-04-30 18:23:53 │ [92mINFO    [0m │ user_mgmt_page │ clear_search:370 │ [96mClearing search input[0m
2026-04-30 18:23:55 │ DEBUG    │ user_mgmt_page │ _wait_for_table_loaded:692 │ Table is visible and loaded
2026-04-30 18:23:55 │ [92mINFO    [0m │ user_mgmt_page │ get_table_row_count:233 │ [96mVisible table rows: 10[0m
2026-04-30 18:23:55 │ [92mINFO    [0m │ TC-UM-016 │ passed:107 │ [96m[Step 02] ✅ PASSED — Search cleared — row count restored to 10[0m
2026-04-30 18:24:02 │ [92mINFO    [0m │ conftest │ context:196 │ [96mVideo recorded → reports/videos\test_clear_search_chromium_.webm[0m
2026-04-30 18:24:02 │ [92mINFO    [0m │ conftest │ authenticated_page:213 │ [96mAuthenticating as admin@dotc.com[0m
2026-04-30 18:24:03 │ [92mINFO    [0m │ base_page │ navigate_to:43 │ [96mNavigating to → https://admin-dotc.alianhub.com/[0m
2026-04-30 18:24:04 │ [92mINFO    [0m │ base_page │ navigate_to:46 │ [96mPage loaded — current URL: https://admin-dotc.alianhub.com/[0m
2026-04-30 18:24:04 │ [92mINFO    [0m │ login_page │ open_login_page:85 │ [96mLogin page loaded successfully[0m
2026-04-30 18:24:04 │ [92mINFO    [0m │ login_page │ login:106 │ [96mPerforming login with email: admin@dotc.com[0m
2026-04-30 18:24:04 │ [92mINFO    [0m │ base_page │ safe_clear_and_fill:97 │ [96mClearing & filling 'Email input'[0m
2026-04-30 18:24:04 │ [92mINFO    [0m │ base_page │ safe_clear_and_fill:97 │ [96mClearing & filling 'Password input'[0m
2026-04-30 18:24:04 │ [92mINFO    [0m │ base_page │ safe_click:84 │ [96mClicking → Continue button[0m
2026-04-30 18:24:04 │ [92mINFO    [0m │ login_page │ wait_for_dashboard:119 │ [96mWaiting for dashboard to load…[0m
2026-04-30 18:24:07 │ [92mINFO    [0m │ login_page │ wait_for_dashboard:130 │ [96mDashboard loaded — URL: https://admin-dotc.alianhub.com/dashboard[0m
2026-04-30 18:24:07 │ [92mINFO    [0m │ conftest │ authenticated_page:218 │ [96mAuthentication complete — page is ready[0m
2026-04-30 18:24:07 │ [92mINFO    [0m │ user_mgmt_page │ navigate_to_user_management:182 │ [96mNavigating to User Management section[0m
2026-04-30 18:24:07 │ [92mINFO    [0m │ base_page │ safe_click:84 │ [96mClicking → User Management sidebar link[0m
2026-04-30 18:24:08 │ DEBUG    │ user_mgmt_page │ _wait_for_table_loaded:692 │ Table is visible and loaded
2026-04-30 18:24:08 │ [92mINFO    [0m │ user_mgmt_page │ navigate_to_user_management:191 │ [96mUser Management page loaded successfully[0m
2026-04-30 18:24:12 │ DEBUG    │ user_mgmt_page │ _wait_for_table_loaded:692 │ Table is visible and loaded
2026-04-30 18:24:13 │ [92mINFO    [0m │ user_mgmt_page │ get_all_user_rows:255 │ [96mParsed 10 user rows[0m
2026-04-30 18:24:13 │ [92mINFO    [0m │ TC-UM-032 │ info:104 │ [96m[Step 01] Open first user detail page to extract ID from URL[0m
2026-04-30 18:24:13 │ [92mINFO    [0m │ user_mgmt_page │ click_view_user:402 │ [96mClicking View on row index 0[0m
2026-04-30 18:24:20 │ DEBUG    │ user_mgmt_page │ _wait_for_detail_page:731 │ Detail page loaded — 'Back to Members' indicator found
2026-04-30 18:24:25 │ [92mINFO    [0m │ conftest │ context:196 │ [96mVideo recorded → reports/videos\test_search_by_id_chromium_.webm[0m
2026-04-30 18:24:26 │ [92mINFO    [0m │ conftest │ authenticated_page:213 │ [96mAuthenticating as admin@dotc.com[0m
2026-04-30 18:24:26 │ [92mINFO    [0m │ base_page │ navigate_to:43 │ [96mNavigating to → https://admin-dotc.alianhub.com/[0m
2026-04-30 18:24:27 │ [92mINFO    [0m │ base_page │ navigate_to:46 │ [96mPage loaded — current URL: https://admin-dotc.alianhub.com/[0m
2026-04-30 18:24:27 │ [92mINFO    [0m │ login_page │ open_login_page:85 │ [96mLogin page loaded successfully[0m
2026-04-30 18:24:27 │ [92mINFO    [0m │ login_page │ login:106 │ [96mPerforming login with email: admin@dotc.com[0m
2026-04-30 18:24:27 │ [92mINFO    [0m │ base_page │ safe_clear_and_fill:97 │ [96mClearing & filling 'Email input'[0m
2026-04-30 18:24:28 │ [92mINFO    [0m │ base_page │ safe_clear_and_fill:97 │ [96mClearing & filling 'Password input'[0m
2026-04-30 18:24:28 │ [92mINFO    [0m │ base_page │ safe_click:84 │ [96mClicking → Continue button[0m
2026-04-30 18:24:28 │ [92mINFO    [0m │ login_page │ wait_for_dashboard:119 │ [96mWaiting for dashboard to load…[0m
2026-04-30 18:24:31 │ [92mINFO    [0m │ login_page │ wait_for_dashboard:130 │ [96mDashboard loaded — URL: https://admin-dotc.alianhub.com/dashboard[0m
2026-04-30 18:24:31 │ [92mINFO    [0m │ conftest │ authenticated_page:218 │ [96mAuthentication complete — page is ready[0m
2026-04-30 18:24:31 │ [92mINFO    [0m │ user_mgmt_page │ navigate_to_user_management:182 │ [96mNavigating to User Management section[0m
2026-04-30 18:24:31 │ [92mINFO    [0m │ base_page │ safe_click:84 │ [96mClicking → User Management sidebar link[0m
2026-04-30 18:24:32 │ DEBUG    │ user_mgmt_page │ _wait_for_table_loaded:692 │ Table is visible and loaded
2026-04-30 18:24:32 │ [92mINFO    [0m │ user_mgmt_page │ navigate_to_user_management:191 │ [96mUser Management page loaded successfully[0m
2026-04-30 18:24:35 │ DEBUG    │ user_mgmt_page │ _wait_for_table_loaded:692 │ Table is visible and loaded
2026-04-30 18:24:36 │ [92mINFO    [0m │ user_mgmt_page │ get_all_user_rows:255 │ [96mParsed 10 user rows[0m
2026-04-30 18:24:36 │ [92mINFO    [0m │ TC-UM-018 │ info:104 │ [96m[Step 01] Navigate to user detail (row 4)[0m
2026-04-30 18:24:36 │ [92mINFO    [0m │ user_mgmt_page │ click_view_user:402 │ [96mClicking View on row index 4[0m
2026-04-30 18:24:41 │ DEBUG    │ user_mgmt_page │ _wait_for_detail_page:731 │ Detail page loaded — 'Back to Members' indicator found
2026-04-30 18:24:41 │ [92mINFO    [0m │ TC-UM-018 │ info:104 │ [96m[Step 02] Verify detail container is visible[0m
2026-04-30 18:24:41 │ [92mINFO    [0m │ TC-UM-018 │ info:104 │ [96m[Step 03] Verify page has meaningful content[0m
2026-04-30 18:24:41 │ [92mINFO    [0m │ TC-UM-018 │ info:104 │ [96m[Step 04] Verify user name is present on detail page[0m
2026-04-30 18:24:41 │ [92mINFO    [0m │ TC-UM-018 │ info:104 │ [96m[Step 05] Verify user email is present on detail page[0m
2026-04-30 18:24:41 │ [92mINFO    [0m │ TC-UM-018 │ passed:107 │ [96m[Step 05] ✅ PASSED — Detail page shows name='RUSHI GHETIYA', email='rushi@gmail.com'[0m
2026-04-30 18:24:46 │ [92mINFO    [0m │ conftest │ context:196 │ [96mVideo recorded → reports/videos\test_user_detail_fields_chromium_.webm[0m
2026-04-30 18:24:46 │ [92mINFO    [0m │ conftest │ authenticated_page:213 │ [96mAuthenticating as admin@dotc.com[0m
2026-04-30 18:24:46 │ [92mINFO    [0m │ base_page │ navigate_to:43 │ [96mNavigating to → https://admin-dotc.alianhub.com/[0m
2026-04-30 18:24:47 │ [92mINFO    [0m │ base_page │ navigate_to:46 │ [96mPage loaded — current URL: https://admin-dotc.alianhub.com/[0m
2026-04-30 18:24:48 │ [92mINFO    [0m │ login_page │ open_login_page:85 │ [96mLogin page loaded successfully[0m
2026-04-30 18:24:48 │ [92mINFO    [0m │ login_page │ login:106 │ [96mPerforming login with email: admin@dotc.com[0m
2026-04-30 18:24:48 │ [92mINFO    [0m │ base_page │ safe_clear_and_fill:97 │ [96mClearing & filling 'Email input'[0m
2026-04-30 18:24:48 │ [92mINFO    [0m │ base_page │ safe_clear_and_fill:97 │ [96mClearing & filling 'Password input'[0m
2026-04-30 18:24:48 │ [92mINFO    [0m │ base_page │ safe_click:84 │ [96mClicking → Continue button[0m
2026-04-30 18:24:48 │ [92mINFO    [0m │ login_page │ wait_for_dashboard:119 │ [96mWaiting for dashboard to load…[0m
2026-04-30 18:24:51 │ [92mINFO    [0m │ login_page │ wait_for_dashboard:130 │ [96mDashboard loaded — URL: https://admin-dotc.alianhub.com/dashboard[0m
2026-04-30 18:24:51 │ [92mINFO    [0m │ conftest │ authenticated_page:218 │ [96mAuthentication complete — page is ready[0m
2026-04-30 18:24:51 │ [92mINFO    [0m │ user_mgmt_page │ navigate_to_user_management:182 │ [96mNavigating to User Management section[0m
2026-04-30 18:24:51 │ [92mINFO    [0m │ base_page │ safe_click:84 │ [96mClicking → User Management sidebar link[0m
2026-04-30 18:24:54 │ DEBUG    │ user_mgmt_page │ _wait_for_table_loaded:692 │ Table is visible and loaded
2026-04-30 18:24:54 │ [92mINFO    [0m │ user_mgmt_page │ navigate_to_user_management:191 │ [96mUser Management page loaded successfully[0m
2026-04-30 18:24:54 │ DEBUG    │ user_mgmt_page │ _wait_for_table_loaded:692 │ Table is visible and loaded
2026-04-30 18:24:55 │ [92mINFO    [0m │ user_mgmt_page │ get_all_user_rows:255 │ [96mParsed 10 user rows[0m
2026-04-30 18:24:55 │ [92mINFO    [0m │ TC-UM-037 │ info:104 │ [96m[Step 01] List row 0 name: 'Heloooo'[0m
2026-04-30 18:24:55 │ [92mINFO    [0m │ user_mgmt_page │ click_view_user:402 │ [96mClicking View on row index 0[0m
2026-04-30 18:25:00 │ DEBUG    │ user_mgmt_page │ _wait_for_detail_page:731 │ Detail page loaded — 'Back to Members' indicator found
2026-04-30 18:25:00 │ [92mINFO    [0m │ TC-UM-037 │ info:104 │ [96m[Step 02] Detail page name: 'HELOOOO'[0m
2026-04-30 18:25:00 │ [92mINFO    [0m │ TC-UM-037 │ passed:107 │ [96m[Step 02] ✅ PASSED — Detail name 'HELOOOO' matches list name 'Heloooo'[0m
2026-04-30 18:25:07 │ [92mINFO    [0m │ conftest │ context:196 │ [96mVideo recorded → reports/videos\test_detail_name_matches_list_chromium_.webm[0m
2026-04-30 18:25:07 │ [92mINFO    [0m │ conftest │ authenticated_page:213 │ [96mAuthenticating as admin@dotc.com[0m
2026-04-30 18:25:07 │ [92mINFO    [0m │ base_page │ navigate_to:43 │ [96mNavigating to → https://admin-dotc.alianhub.com/[0m
2026-04-30 18:25:08 │ [92mINFO    [0m │ base_page │ navigate_to:46 │ [96mPage loaded — current URL: https://admin-dotc.alianhub.com/[0m
2026-04-30 18:25:09 │ [92mINFO    [0m │ login_page │ open_login_page:85 │ [96mLogin page loaded successfully[0m
2026-04-30 18:25:09 │ [92mINFO    [0m │ login_page │ login:106 │ [96mPerforming login with email: admin@dotc.com[0m
2026-04-30 18:25:09 │ [92mINFO    [0m │ base_page │ safe_clear_and_fill:97 │ [96mClearing & filling 'Email input'[0m
2026-04-30 18:25:09 │ [92mINFO    [0m │ base_page │ safe_clear_and_fill:97 │ [96mClearing & filling 'Password input'[0m
2026-04-30 18:25:09 │ [92mINFO    [0m │ base_page │ safe_click:84 │ [96mClicking → Continue button[0m
2026-04-30 18:25:09 │ [92mINFO    [0m │ login_page │ wait_for_dashboard:119 │ [96mWaiting for dashboard to load…[0m
2026-04-30 18:25:12 │ [92mINFO    [0m │ login_page │ wait_for_dashboard:130 │ [96mDashboard loaded — URL: https://admin-dotc.alianhub.com/dashboard[0m
2026-04-30 18:25:12 │ [92mINFO    [0m │ conftest │ authenticated_page:218 │ [96mAuthentication complete — page is ready[0m
2026-04-30 18:25:12 │ [92mINFO    [0m │ user_mgmt_page │ navigate_to_user_management:182 │ [96mNavigating to User Management section[0m
2026-04-30 18:25:12 │ [92mINFO    [0m │ base_page │ safe_click:84 │ [96mClicking → User Management sidebar link[0m
2026-04-30 18:25:16 │ DEBUG    │ user_mgmt_page │ _wait_for_table_loaded:692 │ Table is visible and loaded
2026-04-30 18:25:16 │ [92mINFO    [0m │ user_mgmt_page │ navigate_to_user_management:191 │ [96mUser Management page loaded successfully[0m
2026-04-30 18:25:16 │ DEBUG    │ user_mgmt_page │ _wait_for_table_loaded:692 │ Table is visible and loaded
2026-04-30 18:25:17 │ [92mINFO    [0m │ user_mgmt_page │ get_all_user_rows:255 │ [96mParsed 10 user rows[0m
2026-04-30 18:25:17 │ [92mINFO    [0m │ TC-UM-038 │ info:104 │ [96m[Step 01] List row email: 'N/A'[0m
2026-04-30 18:25:17 │ [92mINFO    [0m │ user_mgmt_page │ click_view_user:402 │ [96mClicking View on row index 0[0m
2026-04-30 18:25:22 │ DEBUG    │ user_mgmt_page │ _wait_for_detail_page:731 │ Detail page loaded — 'Back to Members' indicator found
2026-04-30 18:25:23 │ [92mINFO    [0m │ TC-UM-038 │ info:104 │ [96m[Step 02] Detail page email: ''[0m
2026-04-30 18:25:23 │ [92mINFO    [0m │ TC-UM-038 │ passed:107 │ [96m[Step 02] ✅ PASSED — Detail email '' matches list email 'N/A'[0m
2026-04-30 18:25:27 │ [92mINFO    [0m │ conftest │ context:196 │ [96mVideo recorded → reports/videos\test_detail_email_matches_list_chromium_.webm[0m
2026-04-30 18:25:27 │ [92mINFO    [0m │ conftest │ authenticated_page:213 │ [96mAuthenticating as admin@dotc.com[0m
2026-04-30 18:25:27 │ [92mINFO    [0m │ base_page │ navigate_to:43 │ [96mNavigating to → https://admin-dotc.alianhub.com/[0m
2026-04-30 18:25:28 │ [92mINFO    [0m │ base_page │ navigate_to:46 │ [96mPage loaded — current URL: https://admin-dotc.alianhub.com/[0m
2026-04-30 18:25:28 │ [92mINFO    [0m │ login_page │ open_login_page:85 │ [96mLogin page loaded successfully[0m
2026-04-30 18:25:28 │ [92mINFO    [0m │ login_page │ login:106 │ [96mPerforming login with email: admin@dotc.com[0m
2026-04-30 18:25:28 │ [92mINFO    [0m │ base_page │ safe_clear_and_fill:97 │ [96mClearing & filling 'Email input'[0m
2026-04-30 18:25:29 │ [92mINFO    [0m │ base_page │ safe_clear_and_fill:97 │ [96mClearing & filling 'Password input'[0m
2026-04-30 18:25:29 │ [92mINFO    [0m │ base_page │ safe_click:84 │ [96mClicking → Continue button[0m
2026-04-30 18:25:29 │ [92mINFO    [0m │ login_page │ wait_for_dashboard:119 │ [96mWaiting for dashboard to load…[0m
2026-04-30 18:25:32 │ [92mINFO    [0m │ login_page │ wait_for_dashboard:130 │ [96mDashboard loaded — URL: https://admin-dotc.alianhub.com/dashboard[0m
2026-04-30 18:25:32 │ [92mINFO    [0m │ conftest │ authenticated_page:218 │ [96mAuthentication complete — page is ready[0m
2026-04-30 18:25:32 │ [92mINFO    [0m │ user_mgmt_page │ navigate_to_user_management:182 │ [96mNavigating to User Management section[0m
2026-04-30 18:25:32 │ [92mINFO    [0m │ base_page │ safe_click:84 │ [96mClicking → User Management sidebar link[0m
2026-04-30 18:25:36 │ DEBUG    │ user_mgmt_page │ _wait_for_table_loaded:692 │ Table is visible and loaded
2026-04-30 18:25:36 │ [92mINFO    [0m │ user_mgmt_page │ navigate_to_user_management:191 │ [96mUser Management page loaded successfully[0m
2026-04-30 18:25:36 │ DEBUG    │ user_mgmt_page │ _wait_for_table_loaded:692 │ Table is visible and loaded
2026-04-30 18:25:37 │ [92mINFO    [0m │ user_mgmt_page │ get_all_user_rows:255 │ [96mParsed 10 user rows[0m
2026-04-30 18:25:37 │ [92mINFO    [0m │ TC-UM-039 │ info:104 │ [96m[Step 01] List row status: 'Suspended'[0m
2026-04-30 18:25:37 │ [92mINFO    [0m │ user_mgmt_page │ click_view_user:402 │ [96mClicking View on row index 0[0m
2026-04-30 18:25:44 │ DEBUG    │ user_mgmt_page │ _wait_for_detail_page:731 │ Detail page loaded — 'Back to Members' indicator found
2026-04-30 18:25:44 │ [92mINFO    [0m │ TC-UM-039 │ info:104 │ [96m[Step 02] Detail page status: 'SUSPENDED'[0m
2026-04-30 18:25:44 │ [92mINFO    [0m │ TC-UM-039 │ passed:107 │ [96m[Step 02] ✅ PASSED — Detail status 'SUSPENDED' matches list status 'Suspended'[0m
2026-04-30 18:25:49 │ [92mINFO    [0m │ conftest │ context:196 │ [96mVideo recorded → reports/videos\test_detail_status_matches_list_chromium_.webm[0m
2026-04-30 18:25:50 │ [92mINFO    [0m │ conftest │ authenticated_page:213 │ [96mAuthenticating as admin@dotc.com[0m
2026-04-30 18:25:50 │ [92mINFO    [0m │ base_page │ navigate_to:43 │ [96mNavigating to → https://admin-dotc.alianhub.com/[0m
2026-04-30 18:25:51 │ [92mINFO    [0m │ base_page │ navigate_to:46 │ [96mPage loaded — current URL: https://admin-dotc.alianhub.com/[0m
2026-04-30 18:25:51 │ [92mINFO    [0m │ login_page │ open_login_page:85 │ [96mLogin page loaded successfully[0m
2026-04-30 18:25:51 │ [92mINFO    [0m │ login_page │ login:106 │ [96mPerforming login with email: admin@dotc.com[0m
2026-04-30 18:25:51 │ [92mINFO    [0m │ base_page │ safe_clear_and_fill:97 │ [96mClearing & filling 'Email input'[0m
2026-04-30 18:25:51 │ [92mINFO    [0m │ base_page │ safe_clear_and_fill:97 │ [96mClearing & filling 'Password input'[0m
2026-04-30 18:25:52 │ [92mINFO    [0m │ base_page │ safe_click:84 │ [96mClicking → Continue button[0m
2026-04-30 18:25:52 │ [92mINFO    [0m │ login_page │ wait_for_dashboard:119 │ [96mWaiting for dashboard to load…[0m
2026-04-30 18:25:54 │ [92mINFO    [0m │ login_page │ wait_for_dashboard:130 │ [96mDashboard loaded — URL: https://admin-dotc.alianhub.com/dashboard[0m
2026-04-30 18:25:54 │ [92mINFO    [0m │ conftest │ authenticated_page:218 │ [96mAuthentication complete — page is ready[0m
2026-04-30 18:25:54 │ [92mINFO    [0m │ user_mgmt_page │ navigate_to_user_management:182 │ [96mNavigating to User Management section[0m
2026-04-30 18:25:54 │ [92mINFO    [0m │ base_page │ safe_click:84 │ [96mClicking → User Management sidebar link[0m
2026-04-30 18:25:59 │ DEBUG    │ user_mgmt_page │ _wait_for_table_loaded:692 │ Table is visible and loaded
2026-04-30 18:25:59 │ [92mINFO    [0m │ user_mgmt_page │ navigate_to_user_management:191 │ [96mUser Management page loaded successfully[0m
2026-04-30 18:25:59 │ DEBUG    │ user_mgmt_page │ _wait_for_table_loaded:692 │ Table is visible and loaded
2026-04-30 18:26:00 │ [92mINFO    [0m │ user_mgmt_page │ get_all_user_rows:255 │ [96mParsed 10 user rows[0m
2026-04-30 18:26:00 │ [92mINFO    [0m │ TC-UM-040 │ info:104 │ [96m[Step 01] List page URL: 'https://admin-dotc.alianhub.com/users'[0m
2026-04-30 18:26:00 │ [92mINFO    [0m │ user_mgmt_page │ click_view_user:402 │ [96mClicking View on row index 0[0m
2026-04-30 18:26:05 │ DEBUG    │ user_mgmt_page │ _wait_for_detail_page:731 │ Detail page loaded — 'Back to Members' indicator found
2026-04-30 18:26:05 │ [92mINFO    [0m │ TC-UM-040 │ info:104 │ [96m[Step 02] Detail page URL: 'https://admin-dotc.alianhub.com/users?userId=9213504e-6a49-4cc2-9579-cebc62d6d415'[0m
2026-04-30 18:26:05 │ [92mINFO    [0m │ TC-UM-040 │ passed:107 │ [96m[Step 02] ✅ PASSED — URL changed to: 'https://admin-dotc.alianhub.com/users?userId=9213504e-6a49-4cc2-9579-cebc62d6d415'[0m
2026-04-30 18:26:10 │ [92mINFO    [0m │ conftest │ context:196 │ [96mVideo recorded → reports/videos\test_detail_page_url_changes_chromium_.webm[0m
2026-04-30 18:26:10 │ [92mINFO    [0m │ conftest │ authenticated_page:213 │ [96mAuthenticating as admin@dotc.com[0m
2026-04-30 18:26:10 │ [92mINFO    [0m │ base_page │ navigate_to:43 │ [96mNavigating to → https://admin-dotc.alianhub.com/[0m
2026-04-30 18:26:11 │ [92mINFO    [0m │ base_page │ navigate_to:46 │ [96mPage loaded — current URL: https://admin-dotc.alianhub.com/[0m
2026-04-30 18:26:11 │ [92mINFO    [0m │ login_page │ open_login_page:85 │ [96mLogin page loaded successfully[0m
2026-04-30 18:26:11 │ [92mINFO    [0m │ login_page │ login:106 │ [96mPerforming login with email: admin@dotc.com[0m
2026-04-30 18:26:11 │ [92mINFO    [0m │ base_page │ safe_clear_and_fill:97 │ [96mClearing & filling 'Email input'[0m
2026-04-30 18:26:12 │ [92mINFO    [0m │ base_page │ safe_clear_and_fill:97 │ [96mClearing & filling 'Password input'[0m
2026-04-30 18:26:12 │ [92mINFO    [0m │ base_page │ safe_click:84 │ [96mClicking → Continue button[0m
2026-04-30 18:26:12 │ [92mINFO    [0m │ login_page │ wait_for_dashboard:119 │ [96mWaiting for dashboard to load…[0m
2026-04-30 18:26:15 │ [92mINFO    [0m │ login_page │ wait_for_dashboard:130 │ [96mDashboard loaded — URL: https://admin-dotc.alianhub.com/dashboard[0m
2026-04-30 18:26:15 │ [92mINFO    [0m │ conftest │ authenticated_page:218 │ [96mAuthentication complete — page is ready[0m
2026-04-30 18:26:15 │ [92mINFO    [0m │ user_mgmt_page │ navigate_to_user_management:182 │ [96mNavigating to User Management section[0m
2026-04-30 18:26:15 │ [92mINFO    [0m │ base_page │ safe_click:84 │ [96mClicking → User Management sidebar link[0m
2026-04-30 18:26:19 │ DEBUG    │ user_mgmt_page │ _wait_for_table_loaded:692 │ Table is visible and loaded
2026-04-30 18:26:19 │ [92mINFO    [0m │ user_mgmt_page │ navigate_to_user_management:191 │ [96mUser Management page loaded successfully[0m
2026-04-30 18:26:19 │ DEBUG    │ user_mgmt_page │ _wait_for_table_loaded:692 │ Table is visible and loaded
2026-04-30 18:26:20 │ [92mINFO    [0m │ user_mgmt_page │ get_all_user_rows:255 │ [96mParsed 10 user rows[0m
2026-04-30 18:26:20 │ [92mINFO    [0m │ user_mgmt_page │ click_view_user:402 │ [96mClicking View on row index 0[0m
2026-04-30 18:26:24 │ DEBUG    │ user_mgmt_page │ _wait_for_detail_page:731 │ Detail page loaded — 'Back to Members' indicator found
2026-04-30 18:26:24 │ [92mINFO    [0m │ TC-UM-041 │ info:104 │ [96m[Step 01] Scan detail page for admin action keywords[0m
2026-04-30 18:26:24 │ [92mINFO    [0m │ TC-UM-041 │ info:104 │ [96m[Step 02] Found admin action keywords: ['suspend', 'activate'][0m
2026-04-30 18:26:24 │ [92mINFO    [0m │ TC-UM-041 │ passed:107 │ [96m[Step 02] ✅ PASSED — Admin actions present on detail page: ['suspend', 'activate'][0m
2026-04-30 18:26:29 │ [92mINFO    [0m │ conftest │ context:196 │ [96mVideo recorded → reports/videos\test_admin_actions_visible_on_detail_chromium_.webm[0m
2026-04-30 18:26:30 │ [92mINFO    [0m │ conftest │ authenticated_page:213 │ [96mAuthenticating as admin@dotc.com[0m
2026-04-30 18:26:30 │ [92mINFO    [0m │ base_page │ navigate_to:43 │ [96mNavigating to → https://admin-dotc.alianhub.com/[0m
2026-04-30 18:26:31 │ [92mINFO    [0m │ base_page │ navigate_to:46 │ [96mPage loaded — current URL: https://admin-dotc.alianhub.com/[0m
2026-04-30 18:26:31 │ [92mINFO    [0m │ login_page │ open_login_page:85 │ [96mLogin page loaded successfully[0m
2026-04-30 18:26:31 │ [92mINFO    [0m │ login_page │ login:106 │ [96mPerforming login with email: admin@dotc.com[0m
2026-04-30 18:26:31 │ [92mINFO    [0m │ base_page │ safe_clear_and_fill:97 │ [96mClearing & filling 'Email input'[0m
2026-04-30 18:26:32 │ [92mINFO    [0m │ base_page │ safe_clear_and_fill:97 │ [96mClearing & filling 'Password input'[0m
2026-04-30 18:26:32 │ [92mINFO    [0m │ base_page │ safe_click:84 │ [96mClicking → Continue button[0m
2026-04-30 18:26:32 │ [92mINFO    [0m │ login_page │ wait_for_dashboard:119 │ [96mWaiting for dashboard to load…[0m
2026-04-30 18:26:34 │ [92mINFO    [0m │ login_page │ wait_for_dashboard:130 │ [96mDashboard loaded — URL: https://admin-dotc.alianhub.com/dashboard[0m
2026-04-30 18:26:34 │ [92mINFO    [0m │ conftest │ authenticated_page:218 │ [96mAuthentication complete — page is ready[0m
2026-04-30 18:26:34 │ [92mINFO    [0m │ user_mgmt_page │ navigate_to_user_management:182 │ [96mNavigating to User Management section[0m
2026-04-30 18:26:34 │ [92mINFO    [0m │ base_page │ safe_click:84 │ [96mClicking → User Management sidebar link[0m
2026-04-30 18:26:35 │ DEBUG    │ user_mgmt_page │ _wait_for_table_loaded:692 │ Table is visible and loaded
2026-04-30 18:26:35 │ [92mINFO    [0m │ user_mgmt_page │ navigate_to_user_management:191 │ [96mUser Management page loaded successfully[0m
2026-04-30 18:26:35 │ [92mINFO    [0m │ TC-UM-042 │ info:104 │ [96m[Step 01] Apply Active status filter before navigating to detail[0m
2026-04-30 18:26:36 │ [92mINFO    [0m │ user_mgmt_page │ _get_combobox_options:751 │ [96mCombobox[0] options: ['All Status', 'Active', 'Suspended'][0m
2026-04-30 18:26:36 │ [92mINFO    [0m │ user_mgmt_page │ apply_status_filter:272 │ [96mApplying Status filter: 'Active'[0m
2026-04-30 18:26:36 │ [92mINFO    [0m │ user_mgmt_page │ _select_combobox_option:765 │ [96mSelecting combobox[0] → 'Active'[0m
2026-04-30 18:26:41 │ [92mINFO    [0m │ TC-UM-042 │ info:104 │ [96m[Step 02] Applied filter: 'Active'[0m
2026-04-30 18:26:41 │ DEBUG    │ user_mgmt_page │ _wait_for_table_loaded:692 │ Table is visible and loaded
2026-04-30 18:26:41 │ [92mINFO    [0m │ user_mgmt_page │ get_all_user_rows:255 │ [96mParsed 10 user rows[0m
2026-04-30 18:26:41 │ [92mINFO    [0m │ TC-UM-042 │ info:104 │ [96m[Step 03] Navigate to first user detail page[0m
2026-04-30 18:26:41 │ [92mINFO    [0m │ user_mgmt_page │ click_view_user:402 │ [96mClicking View on row index 0[0m
2026-04-30 18:26:47 │ DEBUG    │ user_mgmt_page │ _wait_for_detail_page:731 │ Detail page loaded — 'Back to Members' indicator found
2026-04-30 18:26:47 │ [92mINFO    [0m │ TC-UM-042 │ info:104 │ [96m[Step 04] Navigate back to user list[0m
2026-04-30 18:26:47 │ [92mINFO    [0m │ user_mgmt_page │ go_back_to_list:498 │ [96mNavigating back to user list[0m
2026-04-30 18:26:47 │ [92mINFO    [0m │ base_page │ safe_click:84 │ [96mClicking → Back button[0m
2026-04-30 18:26:47 │ DEBUG    │ user_mgmt_page │ _wait_for_table_loaded:692 │ Table is visible and loaded
2026-04-30 18:26:47 │ [92mINFO    [0m │ TC-UM-042 │ passed:107 │ [96m[Step 04] ✅ PASSED — Back from detail restored the user list table[0m
2026-04-30 18:26:53 │ [92mINFO    [0m │ conftest │ context:196 │ [96mVideo recorded → reports/videos\test_back_from_detail_shows_list_chromium_.webm[0m
2026-04-30 18:26:53 │ [92mINFO    [0m │ conftest │ authenticated_page:213 │ [96mAuthenticating as admin@dotc.com[0m
2026-04-30 18:26:53 │ [92mINFO    [0m │ base_page │ navigate_to:43 │ [96mNavigating to → https://admin-dotc.alianhub.com/[0m
2026-04-30 18:26:55 │ [92mINFO    [0m │ base_page │ navigate_to:46 │ [96mPage loaded — current URL: https://admin-dotc.alianhub.com/[0m
2026-04-30 18:26:55 │ [92mINFO    [0m │ login_page │ open_login_page:85 │ [96mLogin page loaded successfully[0m
2026-04-30 18:26:55 │ [92mINFO    [0m │ login_page │ login:106 │ [96mPerforming login with email: admin@dotc.com[0m
2026-04-30 18:26:55 │ [92mINFO    [0m │ base_page │ safe_clear_and_fill:97 │ [96mClearing & filling 'Email input'[0m
2026-04-30 18:26:55 │ [92mINFO    [0m │ base_page │ safe_clear_and_fill:97 │ [96mClearing & filling 'Password input'[0m
2026-04-30 18:26:55 │ [92mINFO    [0m │ base_page │ safe_click:84 │ [96mClicking → Continue button[0m
2026-04-30 18:26:56 │ [92mINFO    [0m │ login_page │ wait_for_dashboard:119 │ [96mWaiting for dashboard to load…[0m
2026-04-30 18:26:58 │ [92mINFO    [0m │ login_page │ wait_for_dashboard:130 │ [96mDashboard loaded — URL: https://admin-dotc.alianhub.com/dashboard[0m
2026-04-30 18:26:58 │ [92mINFO    [0m │ conftest │ authenticated_page:218 │ [96mAuthentication complete — page is ready[0m
2026-04-30 18:26:58 │ [92mINFO    [0m │ user_mgmt_page │ navigate_to_user_management:182 │ [96mNavigating to User Management section[0m
2026-04-30 18:26:58 │ [92mINFO    [0m │ base_page │ safe_click:84 │ [96mClicking → User Management sidebar link[0m
2026-04-30 18:26:59 │ DEBUG    │ user_mgmt_page │ _wait_for_table_loaded:692 │ Table is visible and loaded
2026-04-30 18:26:59 │ [92mINFO    [0m │ user_mgmt_page │ navigate_to_user_management:191 │ [96mUser Management page loaded successfully[0m
2026-04-30 18:27:02 │ DEBUG    │ user_mgmt_page │ _wait_for_table_loaded:692 │ Table is visible and loaded
2026-04-30 18:27:03 │ [92mINFO    [0m │ user_mgmt_page │ get_all_user_rows:255 │ [96mParsed 10 user rows[0m
2026-04-30 18:27:03 │ [92mINFO    [0m │ TC-UM-043 │ info:104 │ [96m[Step 01] User 1: name='Heloooo

9213504e-6a49-4cc2-9579-cebc62d6d415' | User 2: name='Unnamed User

8736dac1-7a10-4642-a213-2947f23e441d'[0m
2026-04-30 18:27:03 │ [92mINFO    [0m │ TC-UM-043 │ info:104 │ [96m[Step 02] Navigate to first user detail[0m
2026-04-30 18:27:03 │ [92mINFO    [0m │ user_mgmt_page │ click_view_user:402 │ [96mClicking View on row index 0[0m
2026-04-30 18:27:08 │ DEBUG    │ user_mgmt_page │ _wait_for_detail_page:731 │ Detail page loaded — 'Back to Members' indicator found
2026-04-30 18:27:08 │ [92mINFO    [0m │ TC-UM-043 │ info:104 │ [96m[Step 03] Detail 1 — name: 'HELOOOO'[0m
2026-04-30 18:27:08 │ [92mINFO    [0m │ user_mgmt_page │ go_back_to_list:498 │ [96mNavigating back to user list[0m
2026-04-30 18:27:08 │ [92mINFO    [0m │ base_page │ safe_click:84 │ [96mClicking → Back button[0m
2026-04-30 18:27:08 │ DEBUG    │ user_mgmt_page │ _wait_for_table_loaded:692 │ Table is visible and loaded
2026-04-30 18:27:08 │ [92mINFO    [0m │ TC-UM-043 │ info:104 │ [96m[Step 04] Navigate to second user detail[0m
2026-04-30 18:27:08 │ [92mINFO    [0m │ user_mgmt_page │ click_view_user:402 │ [96mClicking View on row index 1[0m
2026-04-30 18:27:09 │ [93mWARNING [0m │ conftest │ pytest_runtest_makereport:260 │ [96mFailure screenshot captured and attached: test_different_users_show_different_detail[chromium][0m
2026-04-30 18:27:09 │ [92mINFO    [0m │ bug_reporter │ report_bug_on_failure:209 │ [96mCreating bug report for failed test: TC-UM-043[0m
2026-04-30 18:27:09 │ [92mINFO    [0m │ bug_reporter │ save_bug_report:121 │ [96mBug report saved: reports\bugs\BUG_TC-UM-043_20260430_182709.json[0m
2026-04-30 18:27:16 │ [92mINFO    [0m │ bug_reporter │ send_bug_email:193 │ [96mBug report email sent to: ['aliantest236@gmail.com'][0m
2026-04-30 18:27:20 │ [92mINFO    [0m │ conftest │ context:196 │ [96mVideo recorded → reports/videos\test_different_users_show_different_detail_chromium_.webm[0m
2026-04-30 18:27:20 │ [92mINFO    [0m │ conftest │ authenticated_page:213 │ [96mAuthenticating as admin@dotc.com[0m
2026-04-30 18:27:20 │ [92mINFO    [0m │ base_page │ navigate_to:43 │ [96mNavigating to → https://admin-dotc.alianhub.com/[0m
2026-04-30 18:27:22 │ [92mINFO    [0m │ base_page │ navigate_to:46 │ [96mPage loaded — current URL: https://admin-dotc.alianhub.com/[0m
2026-04-30 18:27:23 │ [92mINFO    [0m │ login_page │ open_login_page:85 │ [96mLogin page loaded successfully[0m
2026-04-30 18:27:23 │ [92mINFO    [0m │ login_page │ login:106 │ [96mPerforming login with email: admin@dotc.com[0m
2026-04-30 18:27:23 │ [92mINFO    [0m │ base_page │ safe_clear_and_fill:97 │ [96mClearing & filling 'Email input'[0m
2026-04-30 18:27:23 │ [92mINFO    [0m │ base_page │ safe_clear_and_fill:97 │ [96mClearing & filling 'Password input'[0m
2026-04-30 18:27:23 │ [92mINFO    [0m │ base_page │ safe_click:84 │ [96mClicking → Continue button[0m
2026-04-30 18:27:23 │ [92mINFO    [0m │ login_page │ wait_for_dashboard:119 │ [96mWaiting for dashboard to load…[0m
2026-04-30 18:27:26 │ [92mINFO    [0m │ login_page │ wait_for_dashboard:130 │ [96mDashboard loaded — URL: https://admin-dotc.alianhub.com/dashboard[0m
2026-04-30 18:27:26 │ [92mINFO    [0m │ conftest │ authenticated_page:218 │ [96mAuthentication complete — page is ready[0m
2026-04-30 18:27:26 │ [92mINFO    [0m │ user_mgmt_page │ navigate_to_user_management:182 │ [96mNavigating to User Management section[0m
2026-04-30 18:27:26 │ [92mINFO    [0m │ base_page │ safe_click:84 │ [96mClicking → User Management sidebar link[0m
2026-04-30 18:27:27 │ DEBUG    │ user_mgmt_page │ _wait_for_table_loaded:692 │ Table is visible and loaded
2026-04-30 18:27:27 │ [92mINFO    [0m │ user_mgmt_page │ navigate_to_user_management:191 │ [96mUser Management page loaded successfully[0m
2026-04-30 18:27:27 │ [92mINFO    [0m │ TC-UM-020 │ info:104 │ [96m[Step 01] Searching: '!@#$%^&*()'[0m
2026-04-30 18:27:27 │ [92mINFO    [0m │ user_mgmt_page │ search_users:362 │ [96mSearching for: '!@#$%^&*()'[0m
2026-04-30 18:27:27 │ [92mINFO    [0m │ base_page │ safe_clear_and_fill:97 │ [96mClearing & filling 'Search input'[0m
2026-04-30 18:27:31 │ [92mINFO    [0m │ user_mgmt_page │ clear_search:370 │ [96mClearing search input[0m
2026-04-30 18:27:33 │ [92mINFO    [0m │ TC-UM-020 │ info:104 │ [96m[Step 02] Searching: '<script>alert(1)</script>'[0m
2026-04-30 18:27:33 │ [92mINFO    [0m │ user_mgmt_page │ search_users:362 │ [96mSearching for: '<script>alert(1)</script>'[0m
2026-04-30 18:27:33 │ [92mINFO    [0m │ base_page │ safe_clear_and_fill:97 │ [96mClearing & filling 'Search input'[0m
2026-04-30 18:27:35 │ [92mINFO    [0m │ user_mgmt_page │ clear_search:370 │ [96mClearing search input[0m
2026-04-30 18:27:37 │ [92mINFO    [0m │ TC-UM-020 │ info:104 │ [96m[Step 03] Searching: ''; DROP TABLE users; --'[0m
2026-04-30 18:27:37 │ [92mINFO    [0m │ user_mgmt_page │ search_users:362 │ [96mSearching for: ''; DROP TABLE users; --'[0m
2026-04-30 18:27:37 │ [92mINFO    [0m │ base_page │ safe_clear_and_fill:97 │ [96mClearing & filling 'Search input'[0m
2026-04-30 18:27:40 │ [92mINFO    [0m │ user_mgmt_page │ clear_search:370 │ [96mClearing search input[0m
2026-04-30 18:27:42 │ [92mINFO    [0m │ TC-UM-020 │ info:104 │ [96m[Step 04] Searching: '   '[0m
2026-04-30 18:27:42 │ [92mINFO    [0m │ user_mgmt_page │ search_users:362 │ [96mSearching for: '   '[0m
2026-04-30 18:27:42 │ [92mINFO    [0m │ base_page │ safe_clear_and_fill:97 │ [96mClearing & filling 'Search input'[0m
2026-04-30 18:27:44 │ [92mINFO    [0m │ user_mgmt_page │ clear_search:370 │ [96mClearing search input[0m
2026-04-30 18:27:46 │ [92mINFO    [0m │ TC-UM-020 │ passed:107 │ [96m[Step 04] ✅ PASSED — All special character searches handled without crash[0m
2026-04-30 18:27:47 │ [92mINFO    [0m │ conftest │ context:196 │ [96mVideo recorded → reports/videos\test_special_chars_search_chromium_.webm[0m
2026-04-30 18:27:48 │ [92mINFO    [0m │ conftest │ authenticated_page:213 │ [96mAuthenticating as admin@dotc.com[0m
2026-04-30 18:27:48 │ [92mINFO    [0m │ base_page │ navigate_to:43 │ [96mNavigating to → https://admin-dotc.alianhub.com/[0m
2026-04-30 18:27:50 │ [92mINFO    [0m │ base_page │ navigate_to:46 │ [96mPage loaded — current URL: https://admin-dotc.alianhub.com/[0m
2026-04-30 18:27:50 │ [92mINFO    [0m │ login_page │ open_login_page:85 │ [96mLogin page loaded successfully[0m
2026-04-30 18:27:50 │ [92mINFO    [0m │ login_page │ login:106 │ [96mPerforming login with email: admin@dotc.com[0m
2026-04-30 18:27:50 │ [92mINFO    [0m │ base_page │ safe_clear_and_fill:97 │ [96mClearing & filling 'Email input'[0m
2026-04-30 18:27:50 │ [92mINFO    [0m │ base_page │ safe_clear_and_fill:97 │ [96mClearing & filling 'Password input'[0m
2026-04-30 18:27:50 │ [92mINFO    [0m │ base_page │ safe_click:84 │ [96mClicking → Continue button[0m
2026-04-30 18:27:51 │ [92mINFO    [0m │ login_page │ wait_for_dashboard:119 │ [96mWaiting for dashboard to load…[0m
2026-04-30 18:27:53 │ [92mINFO    [0m │ login_page │ wait_for_dashboard:130 │ [96mDashboard loaded — URL: https://admin-dotc.alianhub.com/dashboard[0m
2026-04-30 18:27:53 │ [92mINFO    [0m │ conftest │ authenticated_page:218 │ [96mAuthentication complete — page is ready[0m
2026-04-30 18:27:53 │ [92mINFO    [0m │ user_mgmt_page │ navigate_to_user_management:182 │ [96mNavigating to User Management section[0m
2026-04-30 18:27:53 │ [92mINFO    [0m │ base_page │ safe_click:84 │ [96mClicking → User Management sidebar link[0m
2026-04-30 18:27:54 │ DEBUG    │ user_mgmt_page │ _wait_for_table_loaded:692 │ Table is visible and loaded
2026-04-30 18:27:54 │ [92mINFO    [0m │ user_mgmt_page │ navigate_to_user_management:191 │ [96mUser Management page loaded successfully[0m
2026-04-30 18:27:54 │ [92mINFO    [0m │ TC-UM-021 │ info:104 │ [96m[Step 01] Entering a 500-character search string[0m
2026-04-30 18:27:54 │ [92mINFO    [0m │ user_mgmt_page │ search_users:362 │ [96mSearching for: 'aaaaaaaaaaaaaaaaaaaaaaaaaaaaaaaaaaaaaaaaaaaaaaaaaaaaaaaaaaaaaaaaaaaaaaaaaaaaaaaaaaaaaaaaaaaaaaaaaaaaaaaaaaaaaaaaaaaaaaaaaaaaaaaaaaaaaaaaaaaaaaaaaaaaaaaaaaaaaaaaaaaaaaaaaaaaaaaaaaaaaaaaaaaaaaaaaaaaaaaaaaaaaaaaaaaaaaaaaaaaaaaaaaaaaaaaaaaaaaaaaaaaaaaaaaaaaaaaaaaaaaaaaaaaaaaaaaaaaaaaaaaaaaaaaaaaaaaaaaaaaaaaaaaaaaaaaaaaaaaaaaaaaaaaaaaaaaaaaaaaaaaaaaaaaaaaaaaaaaaaaaaaaaaaaaaaaaaaaaaaaaaaaaaaaaaaaaaaaaaaaaaaaaaaaaaaaaaaaaaaaaaaaaaaaaaaaaaaaaaaaaaaaaaaaaaaaaaaaaaaaaaaaaaaaaaaaaaaaaaaaaaaaaaaaaaaaaaaaaaa'[0m
2026-04-30 18:27:54 │ [92mINFO    [0m │ base_page │ safe_clear_and_fill:97 │ [96mClearing & filling 'Search input'[0m
2026-04-30 18:27:59 │ [92mINFO    [0m │ user_mgmt_page │ clear_search:370 │ [96mClearing search input[0m
2026-04-30 18:28:00 │ [92mINFO    [0m │ TC-UM-021 │ passed:107 │ [96m[Step 01] ✅ PASSED — Long search string handled gracefully[0m
2026-04-30 18:28:04 │ [92mINFO    [0m │ conftest │ context:196 │ [96mVideo recorded → reports/videos\test_long_search_string_chromium_.webm[0m
2026-04-30 18:28:04 │ [92mINFO    [0m │ conftest │ authenticated_page:213 │ [96mAuthenticating as admin@dotc.com[0m
2026-04-30 18:28:04 │ [92mINFO    [0m │ base_page │ navigate_to:43 │ [96mNavigating to → https://admin-dotc.alianhub.com/[0m
2026-04-30 18:28:05 │ [92mINFO    [0m │ base_page │ navigate_to:46 │ [96mPage loaded — current URL: https://admin-dotc.alianhub.com/[0m
2026-04-30 18:28:06 │ [92mINFO    [0m │ login_page │ open_login_page:85 │ [96mLogin page loaded successfully[0m
2026-04-30 18:28:06 │ [92mINFO    [0m │ login_page │ login:106 │ [96mPerforming login with email: admin@dotc.com[0m
2026-04-30 18:28:06 │ [92mINFO    [0m │ base_page │ safe_clear_and_fill:97 │ [96mClearing & filling 'Email input'[0m
2026-04-30 18:28:06 │ [92mINFO    [0m │ base_page │ safe_clear_and_fill:97 │ [96mClearing & filling 'Password input'[0m
2026-04-30 18:28:06 │ [92mINFO    [0m │ base_page │ safe_click:84 │ [96mClicking → Continue button[0m
2026-04-30 18:28:06 │ [92mINFO    [0m │ login_page │ wait_for_dashboard:119 │ [96mWaiting for dashboard to load…[0m
2026-04-30 18:28:09 │ [92mINFO    [0m │ login_page │ wait_for_dashboard:130 │ [96mDashboard loaded — URL: https://admin-dotc.alianhub.com/dashboard[0m
2026-04-30 18:28:09 │ [92mINFO    [0m │ conftest │ authenticated_page:218 │ [96mAuthentication complete — page is ready[0m
2026-04-30 18:28:09 │ [92mINFO    [0m │ user_mgmt_page │ navigate_to_user_management:182 │ [96mNavigating to User Management section[0m
2026-04-30 18:28:09 │ [92mINFO    [0m │ base_page │ safe_click:84 │ [96mClicking → User Management sidebar link[0m
2026-04-30 18:28:09 │ DEBUG    │ user_mgmt_page │ _wait_for_table_loaded:692 │ Table is visible and loaded
2026-04-30 18:28:09 │ [92mINFO    [0m │ user_mgmt_page │ navigate_to_user_management:191 │ [96mUser Management page loaded successfully[0m
2026-04-30 18:28:12 │ [92mINFO    [0m │ user_mgmt_page │ _get_combobox_options:751 │ [96mCombobox[0] options: ['All Status', 'Active', 'Suspended'][0m
2026-04-30 18:28:12 │ [92mINFO    [0m │ TC-UM-022 │ info:104 │ [96m[Step 01] Rapidly switch between filter options[0m
2026-04-30 18:28:12 │ [92mINFO    [0m │ user_mgmt_page │ apply_status_filter:272 │ [96mApplying Status filter: 'All Status'[0m
2026-04-30 18:28:12 │ [92mINFO    [0m │ user_mgmt_page │ _select_combobox_option:765 │ [96mSelecting combobox[0] → 'All Status'[0m
2026-04-30 18:28:15 │ [92mINFO    [0m │ user_mgmt_page │ apply_status_filter:272 │ [96mApplying Status filter: 'Active'[0m
2026-04-30 18:28:15 │ [92mINFO    [0m │ user_mgmt_page │ _select_combobox_option:765 │ [96mSelecting combobox[0] → 'Active'[0m
2026-04-30 18:28:18 │ [92mINFO    [0m │ user_mgmt_page │ apply_status_filter:272 │ [96mApplying Status filter: 'Suspended'[0m
2026-04-30 18:28:18 │ [92mINFO    [0m │ user_mgmt_page │ _select_combobox_option:765 │ [96mSelecting combobox[0] → 'Suspended'[0m
2026-04-30 18:28:21 │ [92mINFO    [0m │ TC-UM-022 │ info:104 │ [96m[Step 02] Verify page is still functional[0m
2026-04-30 18:28:21 │ [92mINFO    [0m │ TC-UM-022 │ passed:107 │ [96m[Step 02] ✅ PASSED — Rapid filter switching did not break the page[0m
2026-04-30 18:28:27 │ [92mINFO    [0m │ conftest │ context:196 │ [96mVideo recorded → reports/videos\test_rapid_filter_switching_chromium_.webm[0m
2026-04-30 18:28:28 │ [92mINFO    [0m │ conftest │ authenticated_page:213 │ [96mAuthenticating as admin@dotc.com[0m
2026-04-30 18:28:28 │ [92mINFO    [0m │ base_page │ navigate_to:43 │ [96mNavigating to → https://admin-dotc.alianhub.com/[0m
2026-04-30 18:28:29 │ [92mINFO    [0m │ base_page │ navigate_to:46 │ [96mPage loaded — current URL: https://admin-dotc.alianhub.com/[0m
2026-04-30 18:28:29 │ [92mINFO    [0m │ login_page │ open_login_page:85 │ [96mLogin page loaded successfully[0m
2026-04-30 18:28:29 │ [92mINFO    [0m │ login_page │ login:106 │ [96mPerforming login with email: admin@dotc.com[0m
2026-04-30 18:28:29 │ [92mINFO    [0m │ base_page │ safe_clear_and_fill:97 │ [96mClearing & filling 'Email input'[0m
2026-04-30 18:28:30 │ [92mINFO    [0m │ base_page │ safe_clear_and_fill:97 │ [96mClearing & filling 'Password input'[0m
2026-04-30 18:28:30 │ [92mINFO    [0m │ base_page │ safe_click:84 │ [96mClicking → Continue button[0m
2026-04-30 18:28:30 │ [92mINFO    [0m │ login_page │ wait_for_dashboard:119 │ [96mWaiting for dashboard to load…[0m
2026-04-30 18:28:32 │ [92mINFO    [0m │ login_page │ wait_for_dashboard:130 │ [96mDashboard loaded — URL: https://admin-dotc.alianhub.com/dashboard[0m
2026-04-30 18:28:32 │ [92mINFO    [0m │ conftest │ authenticated_page:218 │ [96mAuthentication complete — page is ready[0m
2026-04-30 18:28:32 │ [92mINFO    [0m │ user_mgmt_page │ navigate_to_user_management:182 │ [96mNavigating to User Management section[0m
2026-04-30 18:28:32 │ [92mINFO    [0m │ base_page │ safe_click:84 │ [96mClicking → User Management sidebar link[0m
2026-04-30 18:28:33 │ DEBUG    │ user_mgmt_page │ _wait_for_table_loaded:692 │ Table is visible and loaded
2026-04-30 18:28:33 │ [92mINFO    [0m │ user_mgmt_page │ navigate_to_user_management:191 │ [96mUser Management page loaded successfully[0m
2026-04-30 18:28:37 │ DEBUG    │ user_mgmt_page │ _wait_for_table_loaded:692 │ Table is visible and loaded
2026-04-30 18:28:37 │ [92mINFO    [0m │ user_mgmt_page │ get_table_row_count:233 │ [96mVisible table rows: 10[0m
2026-04-30 18:28:37 │ [92mINFO    [0m │ TC-UM-034 │ info:104 │ [96m[Step 01] Visible rows on current page: 10[0m
2026-04-30 18:28:37 │ [92mINFO    [0m │ TC-UM-034 │ info:104 │ [96m[Step 02] Pagination component visible: True[0m
2026-04-30 18:28:37 │ [92mINFO    [0m │ TC-UM-034 │ passed:107 │ [96m[Step 02] ✅ PASSED — Pagination component is present and visible[0m
2026-04-30 18:28:42 │ [92mINFO    [0m │ conftest │ context:196 │ [96mVideo recorded → reports/videos\test_pagination_visible_chromium_.webm[0m
2026-04-30 18:28:43 │ [92mINFO    [0m │ conftest │ authenticated_page:213 │ [96mAuthenticating as admin@dotc.com[0m
2026-04-30 18:28:43 │ [92mINFO    [0m │ base_page │ navigate_to:43 │ [96mNavigating to → https://admin-dotc.alianhub.com/[0m
2026-04-30 18:28:44 │ [92mINFO    [0m │ base_page │ navigate_to:46 │ [96mPage loaded — current URL: https://admin-dotc.alianhub.com/[0m
2026-04-30 18:28:44 │ [92mINFO    [0m │ login_page │ open_login_page:85 │ [96mLogin page loaded successfully[0m
2026-04-30 18:28:44 │ [92mINFO    [0m │ login_page │ login:106 │ [96mPerforming login with email: admin@dotc.com[0m
2026-04-30 18:28:44 │ [92mINFO    [0m │ base_page │ safe_clear_and_fill:97 │ [96mClearing & filling 'Email input'[0m
2026-04-30 18:28:44 │ [92mINFO    [0m │ base_page │ safe_clear_and_fill:97 │ [96mClearing & filling 'Password input'[0m
2026-04-30 18:28:44 │ [92mINFO    [0m │ base_page │ safe_click:84 │ [96mClicking → Continue button[0m
2026-04-30 18:28:45 │ [92mINFO    [0m │ login_page │ wait_for_dashboard:119 │ [96mWaiting for dashboard to load…[0m
2026-04-30 18:28:47 │ [92mINFO    [0m │ login_page │ wait_for_dashboard:130 │ [96mDashboard loaded — URL: https://admin-dotc.alianhub.com/dashboard[0m
2026-04-30 18:28:47 │ [92mINFO    [0m │ conftest │ authenticated_page:218 │ [96mAuthentication complete — page is ready[0m
2026-04-30 18:28:47 │ [92mINFO    [0m │ user_mgmt_page │ navigate_to_user_management:182 │ [96mNavigating to User Management section[0m
2026-04-30 18:28:47 │ [92mINFO    [0m │ base_page │ safe_click:84 │ [96mClicking → User Management sidebar link[0m
2026-04-30 18:28:53 │ DEBUG    │ user_mgmt_page │ _wait_for_table_loaded:692 │ Table is visible and loaded
2026-04-30 18:28:53 │ [92mINFO    [0m │ user_mgmt_page │ navigate_to_user_management:191 │ [96mUser Management page loaded successfully[0m
2026-04-30 18:28:53 │ [92mINFO    [0m │ TC-UM-035 │ info:104 │ [96m[Step 01] Snapshot rows on page 1[0m
2026-04-30 18:28:53 │ DEBUG    │ user_mgmt_page │ _wait_for_table_loaded:692 │ Table is visible and loaded
2026-04-30 18:28:54 │ [92mINFO    [0m │ user_mgmt_page │ get_all_user_rows:255 │ [96mParsed 10 user rows[0m
2026-04-30 18:28:54 │ [92mINFO    [0m │ TC-UM-035 │ info:104 │ [96m[Step 02] Click Next page[0m
2026-04-30 18:28:56 │ DEBUG    │ user_mgmt_page │ _wait_for_table_loaded:692 │ Table is visible and loaded
2026-04-30 18:28:57 │ [92mINFO    [0m │ user_mgmt_page │ get_all_user_rows:255 │ [96mParsed 10 user rows[0m
2026-04-30 18:28:57 │ DEBUG    │ user_mgmt_page │ _wait_for_table_loaded:692 │ Table is visible and loaded
2026-04-30 18:28:57 │ [92mINFO    [0m │ user_mgmt_page │ get_table_row_count:233 │ [96mVisible table rows: 10[0m
2026-04-30 18:28:57 │ [92mINFO    [0m │ TC-UM-035 │ passed:107 │ [96m[Step 02] ✅ PASSED — Next page loaded successfully with 10 rows[0m
2026-04-30 18:29:01 │ [92mINFO    [0m │ conftest │ context:196 │ [96mVideo recorded → reports/videos\test_pagination_next_page_chromium_.webm[0m
2026-04-30 18:29:02 │ [92mINFO    [0m │ conftest │ authenticated_page:213 │ [96mAuthenticating as admin@dotc.com[0m
2026-04-30 18:29:02 │ [92mINFO    [0m │ base_page │ navigate_to:43 │ [96mNavigating to → https://admin-dotc.alianhub.com/[0m
2026-04-30 18:29:03 │ [92mINFO    [0m │ base_page │ navigate_to:46 │ [96mPage loaded — current URL: https://admin-dotc.alianhub.com/[0m
2026-04-30 18:29:03 │ [92mINFO    [0m │ login_page │ open_login_page:85 │ [96mLogin page loaded successfully[0m
2026-04-30 18:29:03 │ [92mINFO    [0m │ login_page │ login:106 │ [96mPerforming login with email: admin@dotc.com[0m
2026-04-30 18:29:03 │ [92mINFO    [0m │ base_page │ safe_clear_and_fill:97 │ [96mClearing & filling 'Email input'[0m
2026-04-30 18:29:04 │ [92mINFO    [0m │ base_page │ safe_clear_and_fill:97 │ [96mClearing & filling 'Password input'[0m
2026-04-30 18:29:04 │ [92mINFO    [0m │ base_page │ safe_click:84 │ [96mClicking → Continue button[0m
2026-04-30 18:29:04 │ [92mINFO    [0m │ login_page │ wait_for_dashboard:119 │ [96mWaiting for dashboard to load…[0m
2026-04-30 18:29:07 │ [92mINFO    [0m │ login_page │ wait_for_dashboard:130 │ [96mDashboard loaded — URL: https://admin-dotc.alianhub.com/dashboard[0m
2026-04-30 18:29:07 │ [92mINFO    [0m │ conftest │ authenticated_page:218 │ [96mAuthentication complete — page is ready[0m
2026-04-30 18:29:07 │ [92mINFO    [0m │ user_mgmt_page │ navigate_to_user_management:182 │ [96mNavigating to User Management section[0m
2026-04-30 18:29:07 │ [92mINFO    [0m │ base_page │ safe_click:84 │ [96mClicking → User Management sidebar link[0m
2026-04-30 18:29:12 │ DEBUG    │ user_mgmt_page │ _wait_for_table_loaded:692 │ Table is visible and loaded
2026-04-30 18:29:12 │ [92mINFO    [0m │ user_mgmt_page │ navigate_to_user_management:191 │ [96mUser Management page loaded successfully[0m
2026-04-30 18:29:12 │ [92mINFO    [0m │ TC-UM-036 │ info:104 │ [96m[Step 01] Snapshot rows on page 1[0m
2026-04-30 18:29:12 │ DEBUG    │ user_mgmt_page │ _wait_for_table_loaded:692 │ Table is visible and loaded
2026-04-30 18:29:13 │ [92mINFO    [0m │ user_mgmt_page │ get_all_user_rows:255 │ [96mParsed 10 user rows[0m
2026-04-30 18:29:13 │ [92mINFO    [0m │ TC-UM-036 │ info:104 │ [96m[Step 02] Navigate to page 2[0m
2026-04-30 18:29:15 │ [92mINFO    [0m │ TC-UM-036 │ info:104 │ [96m[Step 03] Navigate back to page 1 via Previous[0m
2026-04-30 18:29:17 │ DEBUG    │ user_mgmt_page │ _wait_for_table_loaded:692 │ Table is visible and loaded
2026-04-30 18:29:18 │ [92mINFO    [0m │ user_mgmt_page │ get_all_user_rows:255 │ [96mParsed 10 user rows[0m
2026-04-30 18:29:18 │ [92mINFO    [0m │ TC-UM-036 │ passed:107 │ [96m[Step 03] ✅ PASSED — Previous page navigation restored correct page 1 content[0m
2026-04-30 18:29:22 │ [92mINFO    [0m │ conftest │ context:196 │ [96mVideo recorded → reports/videos\test_pagination_prev_page_chromium_.webm[0m
2026-04-30 18:29:22 │ [92mINFO    [0m │ conftest │ authenticated_page:213 │ [96mAuthenticating as admin@dotc.com[0m
2026-04-30 18:29:22 │ [92mINFO    [0m │ base_page │ navigate_to:43 │ [96mNavigating to → https://admin-dotc.alianhub.com/[0m
2026-04-30 18:29:23 │ [92mINFO    [0m │ base_page │ navigate_to:46 │ [96mPage loaded — current URL: https://admin-dotc.alianhub.com/[0m
2026-04-30 18:29:23 │ [92mINFO    [0m │ login_page │ open_login_page:85 │ [96mLogin page loaded successfully[0m
2026-04-30 18:29:23 │ [92mINFO    [0m │ login_page │ login:106 │ [96mPerforming login with email: admin@dotc.com[0m
2026-04-30 18:29:24 │ [92mINFO    [0m │ base_page │ safe_clear_and_fill:97 │ [96mClearing & filling 'Email input'[0m
2026-04-30 18:29:24 │ [92mINFO    [0m │ base_page │ safe_clear_and_fill:97 │ [96mClearing & filling 'Password input'[0m
2026-04-30 18:29:24 │ [92mINFO    [0m │ base_page │ safe_click:84 │ [96mClicking → Continue button[0m
2026-04-30 18:29:24 │ [92mINFO    [0m │ login_page │ wait_for_dashboard:119 │ [96mWaiting for dashboard to load…[0m
2026-04-30 18:29:28 │ [92mINFO    [0m │ login_page │ wait_for_dashboard:130 │ [96mDashboard loaded — URL: https://admin-dotc.alianhub.com/dashboard[0m
2026-04-30 18:29:28 │ [92mINFO    [0m │ conftest │ authenticated_page:218 │ [96mAuthentication complete — page is ready[0m
2026-04-30 18:29:28 │ [92mINFO    [0m │ user_mgmt_page │ navigate_to_user_management:182 │ [96mNavigating to User Management section[0m
2026-04-30 18:29:28 │ [92mINFO    [0m │ base_page │ safe_click:84 │ [96mClicking → User Management sidebar link[0m
2026-04-30 18:29:28 │ DEBUG    │ user_mgmt_page │ _wait_for_table_loaded:692 │ Table is visible and loaded
2026-04-30 18:29:28 │ [92mINFO    [0m │ user_mgmt_page │ navigate_to_user_management:191 │ [96mUser Management page loaded successfully[0m
2026-04-30 18:29:28 │ [92mINFO    [0m │ TC-UM-044 │ info:104 │ [96m[Step 01] Check computed cursor style on Status filter combobox[0m
2026-04-30 18:29:29 │ [92mINFO    [0m │ TC-UM-044 │ info:104 │ [96m[Step 02] Status combobox cursor: 'default'[0m
2026-04-30 18:29:29 │ [92mINFO    [0m │ TC-UM-044 │ info:104 │ [96m[Step 03] Check computed cursor style on Dating Mode filter combobox[0m
2026-04-30 18:29:29 │ [92mINFO    [0m │ TC-UM-044 │ info:104 │ [96m[Step 04] Dating Mode combobox cursor: 'default'[0m
2026-04-30 18:29:29 │ [93mWARNING [0m │ conftest │ pytest_runtest_makereport:260 │ [96mFailure screenshot captured and attached: test_filter_dropdown_cursor_is_pointer[chromium][0m
2026-04-30 18:29:29 │ [92mINFO    [0m │ bug_reporter │ report_bug_on_failure:209 │ [96mCreating bug report for failed test: UNKNOWN[0m
2026-04-30 18:29:29 │ [92mINFO    [0m │ bug_reporter │ save_bug_report:121 │ [96mBug report saved: reports\bugs\BUG_UNKNOWN_20260430_182929.json[0m
2026-04-30 18:29:35 │ [92mINFO    [0m │ bug_reporter │ send_bug_email:193 │ [96mBug report email sent to: ['aliantest236@gmail.com'][0m
2026-04-30 18:29:37 │ [92mINFO    [0m │ conftest │ context:196 │ [96mVideo recorded → reports/videos\test_filter_dropdown_cursor_is_pointer_chromium_.webm[0m
2026-04-30 18:29:38 │ [92mINFO    [0m │ conftest │ authenticated_page:213 │ [96mAuthenticating as admin@dotc.com[0m
2026-04-30 18:29:38 │ [92mINFO    [0m │ base_page │ navigate_to:43 │ [96mNavigating to → https://admin-dotc.alianhub.com/[0m
2026-04-30 18:29:39 │ [92mINFO    [0m │ base_page │ navigate_to:46 │ [96mPage loaded — current URL: https://admin-dotc.alianhub.com/[0m
2026-04-30 18:29:39 │ [92mINFO    [0m │ login_page │ open_login_page:85 │ [96mLogin page loaded successfully[0m
2026-04-30 18:29:39 │ [92mINFO    [0m │ login_page │ login:106 │ [96mPerforming login with email: admin@dotc.com[0m
2026-04-30 18:29:39 │ [92mINFO    [0m │ base_page │ safe_clear_and_fill:97 │ [96mClearing & filling 'Email input'[0m
2026-04-30 18:29:39 │ [92mINFO    [0m │ base_page │ safe_clear_and_fill:97 │ [96mClearing & filling 'Password input'[0m
2026-04-30 18:29:39 │ [92mINFO    [0m │ base_page │ safe_click:84 │ [96mClicking → Continue button[0m
2026-04-30 18:29:39 │ [92mINFO    [0m │ login_page │ wait_for_dashboard:119 │ [96mWaiting for dashboard to load…[0m
2026-04-30 18:29:42 │ [92mINFO    [0m │ login_page │ wait_for_dashboard:130 │ [96mDashboard loaded — URL: https://admin-dotc.alianhub.com/dashboard[0m
2026-04-30 18:29:42 │ [92mINFO    [0m │ conftest │ authenticated_page:218 │ [96mAuthentication complete — page is ready[0m
2026-04-30 18:29:42 │ [92mINFO    [0m │ user_mgmt_page │ navigate_to_user_management:182 │ [96mNavigating to User Management section[0m
2026-04-30 18:29:42 │ [92mINFO    [0m │ base_page │ safe_click:84 │ [96mClicking → User Management sidebar link[0m
2026-04-30 18:29:46 │ DEBUG    │ user_mgmt_page │ _wait_for_table_loaded:692 │ Table is visible and loaded
2026-04-30 18:29:46 │ [92mINFO    [0m │ user_mgmt_page │ navigate_to_user_management:191 │ [96mUser Management page loaded successfully[0m
2026-04-30 18:29:46 │ [92mINFO    [0m │ TC-UM-045 │ info:104 │ [96m[Step 01] Apply Dating Mode → Inactive filter (expects 0 results per bug report)[0m
2026-04-30 18:29:47 │ [92mINFO    [0m │ user_mgmt_page │ _get_combobox_options:751 │ [96mCombobox[1] options: ['All Dating Modes', 'Dating Mode Active', 'Dating Mode Inactive'][0m
2026-04-30 18:29:47 │ [92mINFO    [0m │ user_mgmt_page │ apply_dating_mode_filter:292 │ [96mApplying Dating Mode filter: 'Dating Mode Inactive'[0m
2026-04-30 18:29:47 │ [92mINFO    [0m │ user_mgmt_page │ _select_combobox_option:765 │ [96mSelecting combobox[1] → 'Dating Mode Inactive'[0m
2026-04-30 18:29:50 │ DEBUG    │ user_mgmt_page │ _wait_for_table_loaded:692 │ Table is visible and loaded
2026-04-30 18:29:50 │ [92mINFO    [0m │ user_mgmt_page │ get_table_row_count:233 │ [96mVisible table rows: 10[0m
2026-04-30 18:29:50 │ [92mINFO    [0m │ TC-UM-045 │ info:104 │ [96m[Step 02] Rows: 10, no-data message: False[0m
2026-04-30 18:29:53 │ [92mINFO    [0m │ conftest │ context:196 │ [96mVideo recorded → reports/videos\test_no_count_summary_when_filter_has_no_results_chromium_.webm[0m
2026-04-30 18:29:53 │ [92mINFO    [0m │ conftest │ authenticated_page:213 │ [96mAuthenticating as admin@dotc.com[0m
2026-04-30 18:29:53 │ [92mINFO    [0m │ base_page │ navigate_to:43 │ [96mNavigating to → https://admin-dotc.alianhub.com/[0m
2026-04-30 18:29:54 │ [92mINFO    [0m │ base_page │ navigate_to:46 │ [96mPage loaded — current URL: https://admin-dotc.alianhub.com/[0m
2026-04-30 18:29:55 │ [92mINFO    [0m │ login_page │ open_login_page:85 │ [96mLogin page loaded successfully[0m
2026-04-30 18:29:55 │ [92mINFO    [0m │ login_page │ login:106 │ [96mPerforming login with email: admin@dotc.com[0m
2026-04-30 18:29:55 │ [92mINFO    [0m │ base_page │ safe_clear_and_fill:97 │ [96mClearing & filling 'Email input'[0m
2026-04-30 18:29:55 │ [92mINFO    [0m │ base_page │ safe_clear_and_fill:97 │ [96mClearing & filling 'Password input'[0m
2026-04-30 18:29:55 │ [92mINFO    [0m │ base_page │ safe_click:84 │ [96mClicking → Continue button[0m
2026-04-30 18:29:55 │ [92mINFO    [0m │ login_page │ wait_for_dashboard:119 │ [96mWaiting for dashboard to load…[0m
2026-04-30 18:29:58 │ [92mINFO    [0m │ login_page │ wait_for_dashboard:130 │ [96mDashboard loaded — URL: https://admin-dotc.alianhub.com/dashboard[0m
2026-04-30 18:29:58 │ [92mINFO    [0m │ conftest │ authenticated_page:218 │ [96mAuthentication complete — page is ready[0m
2026-04-30 18:29:58 │ [92mINFO    [0m │ user_mgmt_page │ navigate_to_user_management:182 │ [96mNavigating to User Management section[0m
2026-04-30 18:29:58 │ [92mINFO    [0m │ base_page │ safe_click:84 │ [96mClicking → User Management sidebar link[0m
2026-04-30 18:30:02 │ DEBUG    │ user_mgmt_page │ _wait_for_table_loaded:692 │ Table is visible and loaded
2026-04-30 18:30:02 │ [92mINFO    [0m │ user_mgmt_page │ navigate_to_user_management:191 │ [96mUser Management page loaded successfully[0m
2026-04-30 18:30:02 │ [92mINFO    [0m │ TC-UM-046 │ info:104 │ [96m[Step 01] Actual placeholder: 'Filter by location...'[0m
2026-04-30 18:30:02 │ [93mWARNING [0m │ conftest │ pytest_runtest_makereport:260 │ [96mFailure screenshot captured and attached: test_location_filter_placeholder_text[chromium][0m
2026-04-30 18:30:02 │ [92mINFO    [0m │ bug_reporter │ report_bug_on_failure:209 │ [96mCreating bug report for failed test: UNKNOWN[0m
2026-04-30 18:30:02 │ [92mINFO    [0m │ bug_reporter │ save_bug_report:121 │ [96mBug report saved: reports\bugs\BUG_UNKNOWN_20260430_183002.json[0m
2026-04-30 18:30:09 │ [92mINFO    [0m │ bug_reporter │ send_bug_email:193 │ [96mBug report email sent to: ['aliantest236@gmail.com'][0m
2026-04-30 18:30:13 │ [92mINFO    [0m │ conftest │ context:196 │ [96mVideo recorded → reports/videos\test_location_filter_placeholder_text_chromium_.webm[0m
2026-04-30 18:30:14 │ [92mINFO    [0m │ conftest │ authenticated_page:213 │ [96mAuthenticating as admin@dotc.com[0m
2026-04-30 18:30:14 │ [92mINFO    [0m │ base_page │ navigate_to:43 │ [96mNavigating to → https://admin-dotc.alianhub.com/[0m
2026-04-30 18:30:15 │ [92mINFO    [0m │ base_page │ navigate_to:46 │ [96mPage loaded — current URL: https://admin-dotc.alianhub.com/[0m
2026-04-30 18:30:15 │ [92mINFO    [0m │ login_page │ open_login_page:85 │ [96mLogin page loaded successfully[0m
2026-04-30 18:30:15 │ [92mINFO    [0m │ login_page │ login:106 │ [96mPerforming login with email: admin@dotc.com[0m
2026-04-30 18:30:15 │ [92mINFO    [0m │ base_page │ safe_clear_and_fill:97 │ [96mClearing & filling 'Email input'[0m
2026-04-30 18:30:15 │ [92mINFO    [0m │ base_page │ safe_clear_and_fill:97 │ [96mClearing & filling 'Password input'[0m
2026-04-30 18:30:16 │ [92mINFO    [0m │ base_page │ safe_click:84 │ [96mClicking → Continue button[0m
2026-04-30 18:30:16 │ [92mINFO    [0m │ login_page │ wait_for_dashboard:119 │ [96mWaiting for dashboard to load…[0m
2026-04-30 18:30:19 │ [92mINFO    [0m │ login_page │ wait_for_dashboard:130 │ [96mDashboard loaded — URL: https://admin-dotc.alianhub.com/dashboard[0m
2026-04-30 18:30:19 │ [92mINFO    [0m │ conftest │ authenticated_page:218 │ [96mAuthentication complete — page is ready[0m
2026-04-30 18:30:19 │ [92mINFO    [0m │ user_mgmt_page │ navigate_to_user_management:182 │ [96mNavigating to User Management section[0m
2026-04-30 18:30:19 │ [92mINFO    [0m │ base_page │ safe_click:84 │ [96mClicking → User Management sidebar link[0m
2026-04-30 18:30:19 │ DEBUG    │ user_mgmt_page │ _wait_for_table_loaded:692 │ Table is visible and loaded
2026-04-30 18:30:19 │ [92mINFO    [0m │ user_mgmt_page │ navigate_to_user_management:191 │ [96mUser Management page loaded successfully[0m
2026-04-30 18:30:19 │ DEBUG    │ user_mgmt_page │ get_page_subtitle:603 │ Subtitle from '[class*="text-muted-foreground"]': 'All Status'
2026-04-30 18:30:19 │ [92mINFO    [0m │ TC-UM-047 │ info:104 │ [96m[Step 01] Actual subtitle: 'All Status'[0m
2026-04-30 18:30:19 │ [92mINFO    [0m │ TC-UM-047 │ passed:107 │ [96m[Step 01] ✅ PASSED — Page subtitle is user-friendly: 'All Status'[0m
2026-04-30 18:30:22 │ [92mINFO    [0m │ conftest │ context:196 │ [96mVideo recorded → reports/videos\test_page_subtitle_is_user_friendly_chromium_.webm[0m
2026-04-30 18:30:23 │ [92mINFO    [0m │ conftest │ authenticated_page:213 │ [96mAuthenticating as admin@dotc.com[0m
2026-04-30 18:30:23 │ [92mINFO    [0m │ base_page │ navigate_to:43 │ [96mNavigating to → https://admin-dotc.alianhub.com/[0m
2026-04-30 18:30:24 │ [92mINFO    [0m │ base_page │ navigate_to:46 │ [96mPage loaded — current URL: https://admin-dotc.alianhub.com/[0m
2026-04-30 18:30:24 │ [92mINFO    [0m │ login_page │ open_login_page:85 │ [96mLogin page loaded successfully[0m
2026-04-30 18:30:24 │ [92mINFO    [0m │ login_page │ login:106 │ [96mPerforming login with email: admin@dotc.com[0m
2026-04-30 18:30:24 │ [92mINFO    [0m │ base_page │ safe_clear_and_fill:97 │ [96mClearing & filling 'Email input'[0m
2026-04-30 18:30:25 │ [92mINFO    [0m │ base_page │ safe_clear_and_fill:97 │ [96mClearing & filling 'Password input'[0m
2026-04-30 18:30:25 │ [92mINFO    [0m │ base_page │ safe_click:84 │ [96mClicking → Continue button[0m
2026-04-30 18:30:25 │ [92mINFO    [0m │ login_page │ wait_for_dashboard:119 │ [96mWaiting for dashboard to load…[0m
2026-04-30 18:30:27 │ [92mINFO    [0m │ login_page │ wait_for_dashboard:130 │ [96mDashboard loaded — URL: https://admin-dotc.alianhub.com/dashboard[0m
2026-04-30 18:30:27 │ [92mINFO    [0m │ conftest │ authenticated_page:218 │ [96mAuthentication complete — page is ready[0m
2026-04-30 18:30:27 │ [92mINFO    [0m │ user_mgmt_page │ navigate_to_user_management:182 │ [96mNavigating to User Management section[0m
2026-04-30 18:30:27 │ [92mINFO    [0m │ base_page │ safe_click:84 │ [96mClicking → User Management sidebar link[0m
2026-04-30 18:30:29 │ DEBUG    │ user_mgmt_page │ _wait_for_table_loaded:692 │ Table is visible and loaded
2026-04-30 18:30:29 │ [92mINFO    [0m │ user_mgmt_page │ navigate_to_user_management:191 │ [96mUser Management page loaded successfully[0m
2026-04-30 18:30:35 │ DEBUG    │ user_mgmt_page │ _wait_for_table_loaded:692 │ Table is visible and loaded
2026-04-30 18:30:36 │ [92mINFO    [0m │ user_mgmt_page │ get_all_user_rows:255 │ [96mParsed 10 user rows[0m
2026-04-30 18:30:36 │ [92mINFO    [0m │ TC-UM-048 │ info:104 │ [96m[Step 01] Search by name using query: 'Heloooo'[0m
2026-04-30 18:30:36 │ [92mINFO    [0m │ user_mgmt_page │ search_users:362 │ [96mSearching for: 'Heloooo'[0m
2026-04-30 18:30:36 │ [92mINFO    [0m │ base_page │ safe_clear_and_fill:97 │ [96mClearing & filling 'Search input'[0m
2026-04-30 18:30:41 │ [92mINFO    [0m │ TC-UM-048 │ info:104 │ [96m[Step 02] Verify 'Clear All' button is NOT visible for text search[0m
2026-04-30 18:30:41 │ [92mINFO    [0m │ TC-UM-048 │ info:104 │ [96m[Step 03] 'Clear All' visible: True[0m
2026-04-30 18:30:41 │ [93mWARNING [0m │ conftest │ pytest_runtest_makereport:260 │ [96mFailure screenshot captured and attached: test_clear_all_not_shown_for_text_search[chromium][0m
2026-04-30 18:30:41 │ [92mINFO    [0m │ bug_reporter │ report_bug_on_failure:209 │ [96mCreating bug report for failed test: UNKNOWN[0m
2026-04-30 18:30:41 │ [92mINFO    [0m │ bug_reporter │ save_bug_report:121 │ [96mBug report saved: reports\bugs\BUG_UNKNOWN_20260430_183041.json[0m
2026-04-30 18:30:47 │ [92mINFO    [0m │ bug_reporter │ send_bug_email:193 │ [96mBug report email sent to: ['aliantest236@gmail.com'][0m
2026-04-30 18:30:53 │ [92mINFO    [0m │ conftest │ context:196 │ [96mVideo recorded → reports/videos\test_clear_all_not_shown_for_text_search_chromium_.webm[0m
2026-04-30 18:30:53 │ [92mINFO    [0m │ conftest │ authenticated_page:213 │ [96mAuthenticating as admin@dotc.com[0m
2026-04-30 18:30:53 │ [92mINFO    [0m │ base_page │ navigate_to:43 │ [96mNavigating to → https://admin-dotc.alianhub.com/[0m
2026-04-30 18:30:55 │ [92mINFO    [0m │ base_page │ navigate_to:46 │ [96mPage loaded — current URL: https://admin-dotc.alianhub.com/[0m
2026-04-30 18:30:55 │ [92mINFO    [0m │ login_page │ open_login_page:85 │ [96mLogin page loaded successfully[0m
2026-04-30 18:30:55 │ [92mINFO    [0m │ login_page │ login:106 │ [96mPerforming login with email: admin@dotc.com[0m
2026-04-30 18:30:55 │ [92mINFO    [0m │ base_page │ safe_clear_and_fill:97 │ [96mClearing & filling 'Email input'[0m
2026-04-30 18:30:55 │ [92mINFO    [0m │ base_page │ safe_clear_and_fill:97 │ [96mClearing & filling 'Password input'[0m
2026-04-30 18:30:56 │ [92mINFO    [0m │ base_page │ safe_click:84 │ [96mClicking → Continue button[0m
2026-04-30 18:30:56 │ [92mINFO    [0m │ login_page │ wait_for_dashboard:119 │ [96mWaiting for dashboard to load…[0m
2026-04-30 18:30:59 │ [92mINFO    [0m │ login_page │ wait_for_dashboard:130 │ [96mDashboard loaded — URL: https://admin-dotc.alianhub.com/dashboard[0m
2026-04-30 18:30:59 │ [92mINFO    [0m │ conftest │ authenticated_page:218 │ [96mAuthentication complete — page is ready[0m
2026-04-30 18:30:59 │ [92mINFO    [0m │ user_mgmt_page │ navigate_to_user_management:182 │ [96mNavigating to User Management section[0m
2026-04-30 18:30:59 │ [92mINFO    [0m │ base_page │ safe_click:84 │ [96mClicking → User Management sidebar link[0m
2026-04-30 18:30:59 │ DEBUG    │ user_mgmt_page │ _wait_for_table_loaded:692 │ Table is visible and loaded
2026-04-30 18:30:59 │ [92mINFO    [0m │ user_mgmt_page │ navigate_to_user_management:191 │ [96mUser Management page loaded successfully[0m
2026-04-30 18:30:59 │ [92mINFO    [0m │ TC-UM-049 │ info:104 │ [96m[Step 01] Setting viewport to 1280×800[0m
2026-04-30 18:31:03 │ [92mINFO    [0m │ TC-UM-049 │ info:104 │ [96m[Step 02] All 3 filter elements within bounds at 1280px ✓[0m
2026-04-30 18:31:03 │ [92mINFO    [0m │ TC-UM-049 │ info:104 │ [96m[Step 03] Setting viewport to 1024×768[0m
2026-04-30 18:31:03 │ [92mINFO    [0m │ TC-UM-049 │ info:104 │ [96m[Step 04] All 3 filter elements within bounds at 1024px ✓[0m
2026-04-30 18:31:03 │ [92mINFO    [0m │ TC-UM-049 │ passed:107 │ [96m[Step 04] ✅ PASSED — Filter section is properly aligned and responsive at 1280px and 1024px[0m
2026-04-30 18:31:08 │ [92mINFO    [0m │ conftest │ context:196 │ [96mVideo recorded → reports/videos\test_filter_section_responsive_layout_chromium_.webm[0m
2026-04-30 18:31:09 │ [92mINFO    [0m │ conftest │ authenticated_page:213 │ [96mAuthenticating as admin@dotc.com[0m
2026-04-30 18:31:09 │ [92mINFO    [0m │ base_page │ navigate_to:43 │ [96mNavigating to → https://admin-dotc.alianhub.com/[0m
2026-04-30 18:31:11 │ [92mINFO    [0m │ base_page │ navigate_to:46 │ [96mPage loaded — current URL: https://admin-dotc.alianhub.com/[0m
2026-04-30 18:31:11 │ [92mINFO    [0m │ login_page │ open_login_page:85 │ [96mLogin page loaded successfully[0m
2026-04-30 18:31:11 │ [92mINFO    [0m │ login_page │ login:106 │ [96mPerforming login with email: admin@dotc.com[0m
2026-04-30 18:31:11 │ [92mINFO    [0m │ base_page │ safe_clear_and_fill:97 │ [96mClearing & filling 'Email input'[0m
2026-04-30 18:31:11 │ [92mINFO    [0m │ base_page │ safe_clear_and_fill:97 │ [96mClearing & filling 'Password input'[0m
2026-04-30 18:31:12 │ [92mINFO    [0m │ base_page │ safe_click:84 │ [96mClicking → Continue button[0m
2026-04-30 18:31:12 │ [92mINFO    [0m │ login_page │ wait_for_dashboard:119 │ [96mWaiting for dashboard to load…[0m
2026-04-30 18:31:14 │ [92mINFO    [0m │ login_page │ wait_for_dashboard:130 │ [96mDashboard loaded — URL: https://admin-dotc.alianhub.com/dashboard[0m
2026-04-30 18:31:14 │ [92mINFO    [0m │ conftest │ authenticated_page:218 │ [96mAuthentication complete — page is ready[0m
2026-04-30 18:31:14 │ [92mINFO    [0m │ user_mgmt_page │ navigate_to_user_management:182 │ [96mNavigating to User Management section[0m
2026-04-30 18:31:14 │ [92mINFO    [0m │ base_page │ safe_click:84 │ [96mClicking → User Management sidebar link[0m
2026-04-30 18:31:15 │ DEBUG    │ user_mgmt_page │ _wait_for_table_loaded:692 │ Table is visible and loaded
2026-04-30 18:31:15 │ [92mINFO    [0m │ user_mgmt_page │ navigate_to_user_management:191 │ [96mUser Management page loaded successfully[0m
2026-04-30 18:31:22 │ [92mINFO    [0m │ conftest │ context:196 │ [96mVideo recorded → reports/videos\test_no_server_error_on_pagination_chromium_.webm[0m
2026-04-30 18:31:23 │ [92mINFO    [0m │ conftest │ authenticated_page:213 │ [96mAuthenticating as admin@dotc.com[0m
2026-04-30 18:31:23 │ [92mINFO    [0m │ base_page │ navigate_to:43 │ [96mNavigating to → https://admin-dotc.alianhub.com/[0m
2026-04-30 18:31:24 │ [92mINFO    [0m │ base_page │ navigate_to:46 │ [96mPage loaded — current URL: https://admin-dotc.alianhub.com/[0m
2026-04-30 18:31:24 │ [92mINFO    [0m │ login_page │ open_login_page:85 │ [96mLogin page loaded successfully[0m
2026-04-30 18:31:24 │ [92mINFO    [0m │ login_page │ login:106 │ [96mPerforming login with email: admin@dotc.com[0m
2026-04-30 18:31:24 │ [92mINFO    [0m │ base_page │ safe_clear_and_fill:97 │ [96mClearing & filling 'Email input'[0m
2026-04-30 18:31:24 │ [92mINFO    [0m │ base_page │ safe_clear_and_fill:97 │ [96mClearing & filling 'Password input'[0m
2026-04-30 18:31:25 │ [92mINFO    [0m │ base_page │ safe_click:84 │ [96mClicking → Continue button[0m
2026-04-30 18:31:25 │ [92mINFO    [0m │ login_page │ wait_for_dashboard:119 │ [96mWaiting for dashboard to load…[0m
2026-04-30 18:31:27 │ [92mINFO    [0m │ login_page │ wait_for_dashboard:130 │ [96mDashboard loaded — URL: https://admin-dotc.alianhub.com/dashboard[0m
2026-04-30 18:31:27 │ [92mINFO    [0m │ conftest │ authenticated_page:218 │ [96mAuthentication complete — page is ready[0m
2026-04-30 18:31:27 │ [92mINFO    [0m │ user_mgmt_page │ navigate_to_user_management:182 │ [96mNavigating to User Management section[0m
2026-04-30 18:31:27 │ [92mINFO    [0m │ base_page │ safe_click:84 │ [96mClicking → User Management sidebar link[0m
2026-04-30 18:31:28 │ DEBUG    │ user_mgmt_page │ _wait_for_table_loaded:692 │ Table is visible and loaded
2026-04-30 18:31:28 │ [92mINFO    [0m │ user_mgmt_page │ navigate_to_user_management:191 │ [96mUser Management page loaded successfully[0m
2026-04-30 18:31:32 │ DEBUG    │ user_mgmt_page │ _wait_for_table_loaded:692 │ Table is visible and loaded
2026-04-30 18:31:33 │ [92mINFO    [0m │ user_mgmt_page │ get_all_user_rows:255 │ [96mParsed 10 user rows[0m
2026-04-30 18:31:33 │ [92mINFO    [0m │ TC-UM-051 │ info:104 │ [96m[Step 01] Test 1 — City-only filter: 'Pune'[0m
2026-04-30 18:31:33 │ [92mINFO    [0m │ user_mgmt_page │ apply_location_filter:280 │ [96mApplying Location filter (text input): 'Pune'[0m
2026-04-30 18:31:36 │ DEBUG    │ user_mgmt_page │ _wait_for_table_loaded:692 │ Table is visible and loaded
2026-04-30 18:31:36 │ [92mINFO    [0m │ user_mgmt_page │ get_table_row_count:233 │ [96mVisible table rows: 1[0m
2026-04-30 18:31:36 │ [92mINFO    [0m │ TC-UM-051 │ info:104 │ [96m[Step 02] City-only result: 1 rows, no-data=False[0m
2026-04-30 18:31:36 │ [92mINFO    [0m │ user_mgmt_page │ reset_filters:319 │ [96mResetting all filters[0m
2026-04-30 18:31:37 │ [92mINFO    [0m │ user_mgmt_page │ _get_combobox_options:751 │ [96mCombobox[0] options: ['All Status', 'Active', 'Suspended'][0m
2026-04-30 18:31:37 │ [92mINFO    [0m │ user_mgmt_page │ _select_combobox_option:765 │ [96mSelecting combobox[0] → 'All Status'[0m
2026-04-30 18:31:38 │ [92mINFO    [0m │ user_mgmt_page │ _get_combobox_options:751 │ [96mCombobox[1] options: ['All Dating Modes', 'Dating Mode Active', 'Dating Mode Inactive'][0m
2026-04-30 18:31:38 │ [92mINFO    [0m │ user_mgmt_page │ _select_combobox_option:765 │ [96mSelecting combobox[1] → 'All Dating Modes'[0m
2026-04-30 18:31:41 │ [92mINFO    [0m │ TC-UM-051 │ info:104 │ [96m[Step 03] Test 2 — Country abbreviation filter: 'US'[0m
2026-04-30 18:31:41 │ [92mINFO    [0m │ user_mgmt_page │ apply_location_filter:280 │ [96mApplying Location filter (text input): 'US'[0m
2026-04-30 18:31:44 │ DEBUG    │ user_mgmt_page │ _wait_for_table_loaded:692 │ Table is visible and loaded
2026-04-30 18:31:44 │ [92mINFO    [0m │ user_mgmt_page │ get_table_row_count:233 │ [96mVisible table rows: 1[0m
2026-04-30 18:31:44 │ [92mINFO    [0m │ TC-UM-051 │ info:104 │ [96m[Step 04] 'US' abbreviation result: 1 rows, no-data=False[0m
2026-04-30 18:31:44 │ [92mINFO    [0m │ user_mgmt_page │ reset_filters:319 │ [96mResetting all filters[0m
2026-04-30 18:31:44 │ [92mINFO    [0m │ user_mgmt_page │ _get_combobox_options:751 │ [96mCombobox[0] options: ['All Status', 'Active', 'Suspended'][0m
2026-04-30 18:31:44 │ [92mINFO    [0m │ user_mgmt_page │ _select_combobox_option:765 │ [96mSelecting combobox[0] → 'All Status'[0m
2026-04-30 18:31:46 │ [92mINFO    [0m │ user_mgmt_page │ _get_combobox_options:751 │ [96mCombobox[1] options: ['All Dating Modes', 'Dating Mode Active', 'Dating Mode Inactive'][0m
2026-04-30 18:31:46 │ [92mINFO    [0m │ user_mgmt_page │ _select_combobox_option:765 │ [96mSelecting combobox[1] → 'All Dating Modes'[0m
2026-04-30 18:31:49 │ [92mINFO    [0m │ TC-UM-051 │ passed:107 │ [96m[Step 04] ✅ PASSED — Location filter handled city ('Pune': 1 rows) and abbreviation ('US': 1 rows)[0m
2026-04-30 18:31:54 │ [92mINFO    [0m │ conftest │ context:196 │ [96mVideo recorded → reports/videos\test_location_filter_with_full_address_and_abbreviations_chromium_.webm[0m
2026-04-30 18:31:55 │ [92mINFO    [0m │ conftest │ authenticated_page:213 │ [96mAuthenticating as admin@dotc.com[0m
2026-04-30 18:31:55 │ [92mINFO    [0m │ base_page │ navigate_to:43 │ [96mNavigating to → https://admin-dotc.alianhub.com/[0m
2026-04-30 18:31:56 │ [92mINFO    [0m │ base_page │ navigate_to:46 │ [96mPage loaded — current URL: https://admin-dotc.alianhub.com/[0m
2026-04-30 18:31:56 │ [92mINFO    [0m │ login_page │ open_login_page:85 │ [96mLogin page loaded successfully[0m
2026-04-30 18:31:56 │ [92mINFO    [0m │ login_page │ login:106 │ [96mPerforming login with email: admin@dotc.com[0m
2026-04-30 18:31:56 │ [92mINFO    [0m │ base_page │ safe_clear_and_fill:97 │ [96mClearing & filling 'Email input'[0m
2026-04-30 18:31:56 │ [92mINFO    [0m │ base_page │ safe_clear_and_fill:97 │ [96mClearing & filling 'Password input'[0m
2026-04-30 18:31:56 │ [92mINFO    [0m │ base_page │ safe_click:84 │ [96mClicking → Continue button[0m
2026-04-30 18:31:57 │ [92mINFO    [0m │ login_page │ wait_for_dashboard:119 │ [96mWaiting for dashboard to load…[0m
2026-04-30 18:31:59 │ [92mINFO    [0m │ login_page │ wait_for_dashboard:130 │ [96mDashboard loaded — URL: https://admin-dotc.alianhub.com/dashboard[0m
2026-04-30 18:31:59 │ [92mINFO    [0m │ conftest │ authenticated_page:218 │ [96mAuthentication complete — page is ready[0m
2026-04-30 18:31:59 │ [92mINFO    [0m │ user_mgmt_page │ navigate_to_user_management:182 │ [96mNavigating to User Management section[0m
2026-04-30 18:31:59 │ [92mINFO    [0m │ base_page │ safe_click:84 │ [96mClicking → User Management sidebar link[0m
2026-04-30 18:32:05 │ DEBUG    │ user_mgmt_page │ _wait_for_table_loaded:692 │ Table is visible and loaded
2026-04-30 18:32:05 │ [92mINFO    [0m │ user_mgmt_page │ navigate_to_user_management:191 │ [96mUser Management page loaded successfully[0m
2026-04-30 18:32:05 │ [92mINFO    [0m │ user_mgmt_page │ _get_combobox_options:751 │ [96mCombobox[1] options: ['All Dating Modes', 'Dating Mode Active', 'Dating Mode Inactive'][0m
2026-04-30 18:32:05 │ [92mINFO    [0m │ TC-UM-052 │ info:104 │ [96m[Step 01] Dating Mode options: ['All Dating Modes', 'Dating Mode Active', 'Dating Mode Inactive'][0m
2026-04-30 18:32:06 │ [93mWARNING [0m │ conftest │ pytest_runtest_makereport:260 │ [96mFailure screenshot captured and attached: test_dating_mode_filter_option_labels[chromium][0m
2026-04-30 18:32:06 │ [92mINFO    [0m │ bug_reporter │ report_bug_on_failure:209 │ [96mCreating bug report for failed test: UNKNOWN[0m
2026-04-30 18:32:06 │ [92mINFO    [0m │ bug_reporter │ save_bug_report:121 │ [96mBug report saved: reports\bugs\BUG_UNKNOWN_20260430_183206.json[0m
2026-04-30 18:32:13 │ [92mINFO    [0m │ bug_reporter │ send_bug_email:193 │ [96mBug report email sent to: ['aliantest236@gmail.com'][0m
2026-04-30 18:32:17 │ [92mINFO    [0m │ conftest │ context:196 │ [96mVideo recorded → reports/videos\test_dating_mode_filter_option_labels_chromium_.webm[0m
2026-04-30 18:32:18 │ [92mINFO    [0m │ conftest │ pytest_sessionfinish:127 │ [96mExcel test report saved → reports/test_cases.xlsx[0m
